,Real,Prediction_0_16,Prediction_self_0_16,Prediction_1_16,Prediction_self_1_16,Prediction_2_4,Prediction_self_2_4,Prediction_3_16,Prediction_self_3_16,Prediction_4_16,Prediction_self_4_16,Prediction_5_16,Prediction_self_5_16,Index
0,-0.10695262517535051,-0.10695262517535051,-0.10695262517535051,-0.10695262517535051,-0.10695262517535051,-0.10695262517535051,-0.10695262517535051,-0.10695262517535051,-0.10695262517535051,-0.10695262517535051,-0.10695262517535051,-0.10695262517535051,-0.10695262517535051,0
1,-0.10523557213626625,-0.10523557213626625,-0.10523557213626625,-0.10523557213626625,-0.10523557213626625,-0.10523557213626625,-0.10523557213626625,-0.10523557213626625,-0.10523557213626625,-0.10523557213626625,-0.10523557213626625,-0.10523557213626625,-0.10523557213626625,1
2,-0.16099251505588258,-0.16099251505588258,-0.16099251505588258,-0.16099251505588258,-0.16099251505588258,-0.16099251505588258,-0.16099251505588258,-0.16099251505588258,-0.16099251505588258,-0.16099251505588258,-0.16099251505588258,-0.16099251505588258,-0.16099251505588258,2
3,-0.2712950115780035,-0.2712950115780035,-0.2712950115780035,-0.2712950115780035,-0.2712950115780035,-0.2712950115780035,-0.2712950115780035,-0.2712950115780035,-0.2712950115780035,-0.2712950115780035,-0.2712950115780035,-0.2712950115780035,-0.2712950115780035,3
4,-0.3537527581475254,-0.3537527581475254,-0.3537527581475254,-0.3537527581475254,-0.3537527581475254,-0.3537527581475254,-0.3537527581475254,-0.3537527581475254,-0.3537527581475254,-0.3537527581475254,-0.3537527581475254,-0.3537527581475254,-0.3537527581475254,4
5,-0.36543026946665474,-0.36543026946665474,-0.36543026946665474,-0.36543026946665474,-0.36543026946665474,-0.36543026946665474,-0.36543026946665474,-0.36543026946665474,-0.36543026946665474,-0.36543026946665474,-0.36543026946665474,-0.36543026946665474,-0.36543026946665474,5
6,-0.3684278883935649,-0.3684278883935649,-0.3684278883935649,-0.3684278883935649,-0.3684278883935649,-0.3684278883935649,-0.3684278883935649,-0.3684278883935649,-0.3684278883935649,-0.3684278883935649,-0.3684278883935649,-0.3684278883935649,-0.3684278883935649,6
7,-0.4634097664069558,-0.4634097664069558,-0.4634097664069558,-0.4634097664069558,-0.4634097664069558,-0.4634097664069558,-0.4634097664069558,-0.4634097664069558,-0.4634097664069558,-0.4634097664069558,-0.4634097664069558,-0.4634097664069558,-0.4634097664069558,7
8,-0.6654129242650784,-0.6654129242650784,-0.6654129242650784,-0.6654129242650784,-0.6654129242650784,-0.6654129242650784,-0.6654129242650784,-0.6654129242650784,-0.6654129242650784,-0.6654129242650784,-0.6654129242650784,-0.6654129242650784,-0.6654129242650784,8
9,-0.8783043121754652,-0.8783043121754652,-0.8783043121754652,-0.8783043121754652,-0.8783043121754652,-0.8783043121754652,-0.8783043121754652,-0.8783043121754652,-0.8783043121754652,-0.8783043121754652,-0.8783043121754652,-0.8783043121754652,-0.8783043121754652,9
10,-0.9827600043501832,-0.9827600043501832,-0.9827600043501832,-0.9827600043501832,-0.9827600043501832,-0.9827600043501832,-0.9827600043501832,-0.9827600043501832,-0.9827600043501832,-0.9827600043501832,-0.9827600043501832,-0.9827600043501832,-0.9827600043501832,10
11,-0.9422446472864237,-0.9422446472864237,-0.9422446472864237,-0.9422446472864237,-0.9422446472864237,-0.9422446472864237,-0.9422446472864237,-0.9422446472864237,-0.9422446472864237,-0.9422446472864237,-0.9422446472864237,-0.9422446472864237,-0.9422446472864237,11
12,-0.8163917538785848,-0.8163917538785848,-0.8163917538785848,-0.8163917538785848,-0.8163917538785848,-0.8163917538785848,-0.8163917538785848,-0.8163917538785848,-0.8163917538785848,-0.8163917538785848,-0.8163917538785848,-0.8163917538785848,-0.8163917538785848,12
13,-0.6923243174939895,-0.6923243174939895,-0.6923243174939895,-0.6923243174939895,-0.6923243174939895,-0.6923243174939895,-0.6923243174939895,-0.6923243174939895,-0.6923243174939895,-0.6923243174939895,-0.6923243174939895,-0.6923243174939895,-0.6923243174939895,13
14,-0.6168989391296212,-0.6168989391296212,-0.6168989391296212,-0.6168989391296212,-0.6168989391296212,-0.6168989391296212,-0.6168989391296212,-0.6168989391296212,-0.6168989391296212,-0.6168989391296212,-0.6168989391296212,-0.6168989391296212,-0.6168989391296212,14
15,-0.5710569943867632,-0.5710569943867632,-0.5710569943867632,-0.5710569943867632,-0.5710569943867632,-0.5710569943867632,-0.5710569943867632,-0.5710569943867632,-0.5710569943867632,-0.5710569943867632,-0.5710569943867632,-0.5710569943867632,-0.5710569943867632,15
16,-0.49805492519470757,-0.49805492519470757,-0.49805492519470757,-0.49805492519470757,-0.49805492519470757,-0.49805492519470757,-0.49805492519470757,-0.49805492519470757,-0.49805492519470757,-0.49805492519470757,-0.49805492519470757,-0.49805492519470757,-0.49805492519470757,16
17,-0.3637173938147856,-0.3637173938147856,-0.3637173938147856,-0.3637173938147856,-0.3637173938147856,-0.3637173938147856,-0.3637173938147856,-0.3637173938147856,-0.3637173938147856,-0.3637173938147856,-0.3637173938147856,-0.3637173938147856,-0.3637173938147856,17
18,-0.21176489974141785,-0.21176489974141785,-0.21176489974141785,-0.21176489974141785,-0.21176489974141785,-0.21176489974141785,-0.21176489974141785,-0.21176489974141785,-0.21176489974141785,-0.21176489974141785,-0.21176489974141785,-0.21176489974141785,-0.21176489974141785,18
19,-0.12305531185309586,-0.12305531185309586,-0.12305531185309586,-0.12305531185309586,-0.12305531185309586,-0.12305531185309586,-0.12305531185309586,-0.12305531185309586,-0.12305531185309586,-0.12305531185309586,-0.12305531185309586,-0.12305531185309586,-0.12305531185309586,19
20,-0.11960801639596509,-0.11960801639596509,-0.11960801639596509,-0.11960801639596509,-0.11960801639596509,-0.11960801639596509,-0.11960801639596509,-0.11960801639596509,-0.11960801639596509,-0.11960801639596509,-0.11960801639596509,-0.11960801639596509,-0.11960801639596509,20
21,-0.13573833992999626,-0.13573833992999626,-0.13573833992999626,-0.13573833992999626,-0.13573833992999626,-0.13573833992999626,-0.13573833992999626,-0.13573833992999626,-0.13573833992999626,-0.13573833992999626,-0.13573833992999626,-0.13573833992999626,-0.13573833992999626,21
22,-0.11669647139784074,-0.11669647139784074,-0.11669647139784074,-0.11669647139784074,-0.11669647139784074,-0.11669647139784074,-0.11669647139784074,-0.11669647139784074,-0.11669647139784074,-0.11669647139784074,-0.11669647139784074,-0.11669647139784074,-0.11669647139784074,22
23,-0.10787877403664647,-0.10787877403664647,-0.10787877403664647,-0.10787877403664647,-0.10787877403664647,-0.10787877403664647,-0.10787877403664647,-0.10787877403664647,-0.10787877403664647,-0.10787877403664647,-0.10787877403664647,-0.10787877403664647,-0.10787877403664647,23
24,-0.18373736984989616,-0.18373736984989616,-0.18373736984989616,-0.18373736984989616,-0.18373736984989616,-0.18373736984989616,-0.18373736984989616,-0.18373736984989616,-0.18373736984989616,-0.18373736984989616,-0.18373736984989616,-0.18373736984989616,-0.18373736984989616,24
25,-0.3253185151546662,-0.3253185151546662,-0.3253185151546662,-0.3253185151546662,-0.3253185151546662,-0.3253185151546662,-0.3253185151546662,-0.3253185151546662,-0.3253185151546662,-0.3253185151546662,-0.3253185151546662,-0.3253185151546662,-0.3253185151546662,25
26,-0.4434162932364994,-0.4434162932364994,-0.4434162932364994,-0.4434162932364994,-0.4434162932364994,-0.4434162932364994,-0.4434162932364994,-0.4434162932364994,-0.4434162932364994,-0.4434162932364994,-0.4434162932364994,-0.4434162932364994,-0.4434162932364994,26
27,-0.5163804030238588,-0.5163804030238588,-0.5163804030238588,-0.5163804030238588,-0.5163804030238588,-0.5163804030238588,-0.5163804030238588,-0.5163804030238588,-0.5163804030238588,-0.5163804030238588,-0.5163804030238588,-0.5163804030238588,-0.5163804030238588,27
28,-0.6052072913183548,-0.6052072913183548,-0.6052072913183548,-0.6052072913183548,-0.6052072913183548,-0.6052072913183548,-0.6052072913183548,-0.6052072913183548,-0.6052072913183548,-0.6052072913183548,-0.6052072913183548,-0.6052072913183548,-0.6052072913183548,28
29,-0.7131141611014372,-0.7131141611014372,-0.7131141611014372,-0.7131141611014372,-0.7131141611014372,-0.7131141611014372,-0.7131141611014372,-0.7131141611014372,-0.7131141611014372,-0.7131141611014372,-0.7131141611014372,-0.7131141611014372,-0.7131141611014372,29
30,-0.7599214346314671,-0.7599214346314671,-0.7599214346314671,-0.7599214346314671,-0.7599214346314671,-0.7599214346314671,-0.7599214346314671,-0.7599214346314671,-0.7599214346314671,-0.7599214346314671,-0.7599214346314671,-0.7599214346314671,-0.7599214346314671,30
31,-0.7447615934790255,-0.7447615934790255,-0.7447615934790255,-0.7447615934790255,-0.7447615934790255,-0.7447615934790255,-0.7447615934790255,-0.7447615934790255,-0.7447615934790255,-0.7447615934790255,-0.7447615934790255,-0.7447615934790255,-0.7447615934790255,31
32,-0.8093542326466163,-0.8093542326466163,-0.8093542326466163,-0.8093542326466163,-0.8093542326466163,-0.8093542326466163,-0.8093542326466163,-0.8093542326466163,-0.8093542326466163,-0.8093542326466163,-0.8093542326466163,-0.8093542326466163,-0.8093542326466163,32
33,-1.0251975530168653,-1.0251975530168653,-1.0251975530168653,-1.0251975530168653,-1.0251975530168653,-1.0251975530168653,-1.0251975530168653,-1.0251975530168653,-1.0251975530168653,-1.0251975530168653,-1.0251975530168653,-1.0251975530168653,-1.0251975530168653,33
34,-1.2033098703129268,-1.2033098703129268,-1.2033098703129268,-1.2033098703129268,-1.2033098703129268,-1.2033098703129268,-1.2033098703129268,-1.2033098703129268,-1.2033098703129268,-1.2033098703129268,-1.2033098703129268,-1.2033098703129268,-1.2033098703129268,34
35,-1.084009332842931,-1.084009332842931,-1.084009332842931,-1.084009332842931,-1.084009332842931,-1.084009332842931,-1.084009332842931,-1.084009332842931,-1.084009332842931,-1.084009332842931,-1.084009332842931,-1.084009332842931,-1.084009332842931,35
36,-0.7011757683542518,-0.7011757683542518,-0.7011757683542518,-0.7011757683542518,-0.7011757683542518,-0.7011757683542518,-0.7011757683542518,-0.7011757683542518,-0.7011757683542518,-0.7011757683542518,-0.7011757683542518,-0.7011757683542518,-0.7011757683542518,36
37,-0.3966261062575787,-0.3966261062575787,-0.3966261062575787,-0.3966261062575787,-0.3966261062575787,-0.3966261062575787,-0.3966261062575787,-0.3966261062575787,-0.3966261062575787,-0.3966261062575787,-0.3966261062575787,-0.3966261062575787,-0.3966261062575787,37
38,-0.42506893381088656,-0.42506893381088656,-0.42506893381088656,-0.42506893381088656,-0.42506893381088656,-0.42506893381088656,-0.42506893381088656,-0.42506893381088656,-0.42506893381088656,-0.42506893381088656,-0.42506893381088656,-0.42506893381088656,-0.42506893381088656,38
39,-0.6741839721767424,-0.6741839721767424,-0.6741839721767424,-0.6741839721767424,-0.6741839721767424,-0.6741839721767424,-0.6741839721767424,-0.6741839721767424,-0.6741839721767424,-0.6741839721767424,-0.6741839721767424,-0.6741839721767424,-0.6741839721767424,39
40,-0.8700953657114914,-0.8700953657114914,-0.8700953657114914,-0.8700953657114914,-0.8700953657114914,-0.8700953657114914,-0.8700953657114914,-0.8700953657114914,-0.8700953657114914,-0.8700953657114914,-0.8700953657114914,-0.8700953657114914,-0.8700953657114914,40
41,-0.932166284744091,-0.932166284744091,-0.932166284744091,-0.932166284744091,-0.932166284744091,-0.932166284744091,-0.932166284744091,-0.932166284744091,-0.932166284744091,-0.932166284744091,-0.932166284744091,-0.932166284744091,-0.932166284744091,41
42,-0.9708072972452975,-0.9708072972452975,-0.9708072972452975,-0.9708072972452975,-0.9708072972452975,-0.9708072972452975,-0.9708072972452975,-0.9708072972452975,-0.9708072972452975,-0.9708072972452975,-0.9708072972452975,-0.9708072972452975,-0.9708072972452975,42
43,-1.0370373192486315,-1.0370373192486315,-1.0370373192486315,-1.0370373192486315,-1.0370373192486315,-0.9027560353279114,-0.9027560353279114,-0.9027560353279114,-0.9027560353279114,-0.9027560353279114,-0.9027560353279114,-0.9027560353279114,-0.9027560353279114,43
44,-1.0468634868681137,-1.0468634868681137,-1.0468634868681137,-1.0468634868681137,-1.0468634868681137,-1.062479019165039,-1.062479019165039,-1.062479019165039,-1.062479019165039,-1.062479019165039,-1.062479019165039,-1.062479019165039,-1.062479019165039,44
45,-0.9557126062675605,-0.9557126062675605,-0.9557126062675605,-0.9557126062675605,-0.9557126062675605,-0.9930119514465332,-0.9930119514465332,-0.9930119514465332,-0.9930119514465332,-0.9930119514465332,-0.9930119514465332,-0.9930119514465332,-0.9930119514465332,45
46,-0.8465410093987351,-0.8465410093987351,-0.8465410093987351,-0.8465410093987351,-0.8465410093987351,-0.8948219418525696,-0.8948219418525696,-0.8948219418525696,-0.8948219418525696,-0.8948219418525696,-0.8948219418525696,-0.8948219418525696,-0.8948219418525696,46
47,-0.7922743533089022,-0.7922743533089022,-0.7922743533089022,-0.7922743533089022,-0.7922743533089022,-0.818076491355896,-0.818076491355896,-0.818076491355896,-0.818076491355896,-0.818076491355896,-0.818076491355896,-0.818076491355896,-0.818076491355896,47
48,-0.7409151769714665,-0.7409151769714665,-0.7409151769714665,-0.7409151769714665,-0.7409151769714665,-0.7751911878585815,-0.7606202363967896,-0.7751911878585815,-0.7751911878585815,-0.7751911878585815,-0.7751911878585815,-0.7751911878585815,-0.7751911878585815,48
49,-0.6120177877429849,-0.6120177877429849,-0.6120177877429849,-0.6120177877429849,-0.6120177877429849,-0.6953320503234863,-0.6914637684822083,-0.6953320503234863,-0.6953320503234863,-0.6953320503234863,-0.6953320503234863,-0.6953320503234863,-0.6953320503234863,49
50,-0.43500461632950793,-0.43500461632950793,-0.43500461632950793,-0.43500461632950793,-0.43500461632950793,-0.7029379606246948,-0.7035909295082092,-0.7029379606246948,-0.7029379606246948,-0.7029379606246948,-0.7029379606246948,-0.7029379606246948,-0.7029379606246948,50
51,-0.30008485332450613,-0.30008485332450613,-0.30008485332450613,-0.30008485332450613,-0.30008485332450613,-0.5794327855110168,-0.5827336311340332,-0.5794327855110168,-0.5794327855110168,-0.5794327855110168,-0.5794327855110168,-0.5794327855110168,-0.5794327855110168,51
52,-0.2148967264457803,-0.2148967264457803,-0.2148967264457803,-0.2148967264457803,-0.2148967264457803,-0.44868436455726624,-0.44968846440315247,-0.44868436455726624,-0.44868436455726624,-0.44868436455726624,-0.44868436455726624,-0.44868436455726624,-0.44868436455726624,52
53,-0.11476325835174855,-0.11476325835174855,-0.11476325835174855,-0.11476325835174855,-0.11476325835174855,-0.36981940269470215,-0.37184637784957886,-0.36981940269470215,-0.36981940269470215,-0.36981940269470215,-0.36981940269470215,-0.36981940269470215,-0.36981940269470215,53
54,0.017363828446849996,0.017363828446849996,0.017363828446849996,0.017363828446849996,0.017363828446849996,-0.4519527852535248,-0.4573177993297577,-0.4519527852535248,-0.4519527852535248,-0.4519527852535248,-0.4519527852535248,-0.4519527852535248,-0.4519527852535248,54
55,0.12915670311558133,0.13233104348182678,0.13233104348182678,0.0011543259024620056,0.0011543259024620056,-0.3554171621799469,-0.3765578866004944,-0.42506893381088656,-0.42506893381088656,-0.6229444788608783,-1.0335096634514507,-0.0550744466607118,-0.0550744466607118,55
56,0.1951392333488394,0.23419418931007385,0.23419418931007385,-0.076416976749897,-0.076416976749897,-0.2846390902996063,-0.31635403633117676,-0.6741839721767424,-0.6741839721767424,1.055409182485483,0.45956534190353193,-0.056830003023917074,-0.056830003023917074,56
57,0.25330606894794716,0.31405776739120483,0.31405776739120483,-0.10304120928049088,-0.10304120928049088,-0.15646257996559143,-0.18946626782417297,-0.8700953657114914,-0.8700953657114914,0.30200973661733554,0.028537508251205962,-0.05493632844656244,-0.05493632844656244,57
58,0.33780312457268635,0.37030813097953796,0.37030813097953796,-0.11084619909524918,-0.11084619909524918,0.09495809674263,0.06461357325315475,-0.932166284744091,-0.932166284744091,-0.6369756713719472,-0.001359590477224652,-0.04883194001499875,-0.04883194001499875,58
59,0.45062600424977306,0.4304986596107483,0.4304986596107483,0.4136698842048645,0.4136698842048645,0.17555631697177887,0.13205936551094055,-0.9708072972452975,-0.9708072972452975,2.0131894867967635,-1.450023416128453,-0.042320791798724396,-0.042320791798724396,59
60,0.5975794305261847,0.30705761909484863,0.30705761909484863,0.4287429749965668,0.4287429749965668,0.1397717148065567,0.09345411509275436,-0.9027560353279114,-0.9027560353279114,0.5891534447539544,0.436316542784657,-0.03749660580643196,-0.03749660580643196,60
61,0.7893726611238578,0.2546343207359314,0.2546343207359314,0.40027162432670593,0.40027162432670593,0.20118005573749542,0.16601808369159698,-1.062479019165039,-1.062479019165039,-0.7737448191862667,0.44458945815373035,-0.03269898240164201,-0.03269898240164201,61
62,0.9732313450235837,0.2913137674331665,0.2913137674331665,0.1656496226787567,0.1656496226787567,0.2725362777709961,0.25135836005210876,-0.9930119514465332,-0.9930119514465332,1.0427151041725484,0.8251797902393451,-0.025800945297666123,-0.025800945297666123,62
63,1.041971070412919,0.3148600161075592,0.3148600161075592,0.164974182844162,0.164974182844162,0.3668569028377533,0.37004542350769043,-0.8948219418525696,-0.8948219418525696,-0.29998053099521604,-1.1954553108200217,-0.01701185749753322,-0.01701185749753322,63
64,0.9628590079903531,0.1189536303281784,0.1189536303281784,0.25149211287498474,0.25149211287498474,0.45166292786598206,0.4322746992111206,-0.818076491355896,-0.818076491355896,-0.17321352057791578,0.7995627653877125,-0.007615148632389274,-0.007615148632389274,64
65,0.840132920443684,0.052814580500125885,0.052814580500125885,0.2372875213623047,0.2372875213623047,0.43135231733322144,0.40563225746154785,-0.7751911878585815,-0.7751911878585815,-0.9468225080922178,-0.6316720616747316,0.0020137966884258584,0.0020137966884258584,65
66,0.7895774151092855,0.07799002528190613,0.07799002528190613,0.2553243935108185,0.2553243935108185,0.5293474793434143,0.5050367712974548,-0.6953320503234863,-0.6953320503234863,1.038578416934074,-0.31007785505888324,0.012274931840176967,0.012274931840176967,66
67,0.7938356344372764,0.06836949288845062,0.06836949288845062,0.1684829294681549,0.1684829294681549,0.7034247517585754,0.695681631565094,-0.7029379606246948,-0.7029379606246948,1.5347597705071043,-0.8029795140251296,0.023137159287067225,0.023137159287067225,67
68,0.7501241239731533,0.006002623587846756,0.006002623587846756,0.11985229700803757,0.11985229700803757,0.7380098104476929,0.7437715530395508,-0.5794327855110168,-0.5794327855110168,-0.31813589290019784,-0.06756357308034786,0.03440856398670958,0.03440856398670958,68
69,0.628870982207611,-0.216282457113266,-0.216282457113266,0.039820633828639984,0.039820633828639984,0.56243497133255,0.5773764848709106,-0.44868436455726624,-0.44868436455726624,0.1546754245715167,1.9078991756113686,0.04613192452023115,0.04613192452023115,69
70,0.4981010152553966,-0.4700154662132263,-0.4700154662132263,0.15596416592597961,0.15596416592597961,0.4780161380767822,0.4962829649448395,-0.36981940269470215,-0.36981940269470215,-0.2093626518996041,0.15679812619348202,0.0578409167811719,0.0578409167811719,70
71,0.40593928201745005,-0.5642147660255432,-0.5642147660255432,0.043825022876262665,0.043825022876262665,0.33105218410491943,0.3553396761417389,-0.4519527852535248,-0.4519527852535248,-0.7132606458911819,-0.44752067838430926,0.0678096998301622,0.0678096998301622,71
72,0.32170411763629847,-0.563845694065094,-0.5637988448143005,0.059227101504802704,0.05892025679349899,0.3124462068080902,0.36152949929237366,-0.3554171621799469,-0.42506893381088656,0.38770298732317093,0.06135241744348571,0.07461144199955712,0.0746842458498392,72
73,0.2084205272769278,-0.5092194676399231,-0.5087341666221619,0.03955744951963425,0.03844042867422104,0.09404019266366959,0.1597691774368286,-0.2846390902996063,-0.6741839721767424,0.5380164854689454,-0.4329941909544794,0.07944969909630292,0.07937990817921198,73
74,0.08069508236472542,-0.5658494234085083,-0.5649580955505371,-0.12454769760370255,-0.14703252911567688,0.013158939778804779,0.07437404245138168,-0.15646257996559143,-0.8700953657114914,-0.019770327297165727,1.7069627456955556,0.08486448390714159,0.08474893067401683,74
75,-0.03669495853546666,-0.6272725462913513,-0.6261666417121887,-0.22733789682388306,-0.27676066756248474,0.039029449224472046,0.09983580559492111,0.09495809674263,-0.932166284744091,-0.2218206349595921,0.26831170023404277,0.0926537986766967,0.09261364848605359,75
76,-0.15490879605534166,-0.6561816334724426,-0.656075656414032,-0.2763429582118988,-0.302813321352005,-0.10969055444002151,-0.04925937205553055,0.17555631697177887,-0.9708072972452975,0.2035680910529185,2.882667913381087,0.10241218084067662,0.10210850369123922,76
77,-0.287975374968118,-0.7489753365516663,-0.7504796981811523,-0.3076879382133484,-0.3202179968357086,-0.4336734712123871,-0.35023579001426697,0.1397717148065567,-0.9027560353279114,1.2704409524732554,-1.2621743599443296,0.11190609339115389,0.11152207649164463,77
78,-0.4126466475798095,-0.7755523324012756,-0.7800217270851135,-0.338651567697525,-0.42898204922676086,-0.7430720329284668,-0.6955358386039734,0.20118005573749542,-1.062479019165039,1.3354672793356541,1.6694581894684795,0.12092554590793206,0.12063653488493369,78
79,-0.5075949945944273,-0.729350745677948,-0.7299864888191223,-0.34072014689445496,-0.4841859042644501,-0.5498230457305908,-0.5145735740661621,0.2725362777709961,-0.9930119514465332,0.14614535928165154,-1.1044113283691461,0.13066987230740126,0.1302438720472913,79
80,-0.5947761036694882,-0.7756196856498718,-0.7822983264923096,-0.34406253695487976,-0.3494497835636139,-0.5019885897636414,-0.46530768275260925,0.3668569028377533,-0.8948219418525696,0.9062362204861587,0.5187225102783276,0.1402064551424362,0.13981673291739005,80
81,-0.6981137334746291,-0.8712448477745056,-0.8933327198028564,-0.34092575311660767,-0.3335231840610504,-0.5942220091819763,-0.55562824010849,0.45166292786598206,-0.818076491355896,0.666167051029499,0.24823196691282498,0.14782024288918327,0.14745175122464294,81
82,-0.7986118349394936,-0.9808507561683655,-1.0155631303787231,-0.5822646617889404,-0.5843954086303711,-0.6699730753898621,-0.6414844989776611,0.43135231733322144,-0.7751911878585815,0.6581268849166045,-1.436666591586447,0.15294265402625595,0.1526958080418157,82
83,-0.8600664704577974,-0.97405606508255,-1.0089590549468994,-0.5669835805892944,-0.5762543678283691,-0.8186211585998535,-0.8112388253211975,0.5293474793434143,-0.6953320503234863,-2.1933446674520423,-0.4248986780503184,0.15797821953044727,0.1575997961761232,83
84,-0.885412138367269,-1.0023900270462036,-1.0198192596435547,-0.5216981172561646,-0.5212289094924927,-0.9130545854568481,-0.9076554775238037,0.7034247517585754,-0.7029379606246948,-0.4391077179980643,-1.0389409116353674,0.16431487837493142,0.1637426572499381,84
85,-0.9281603077690611,-1.2017216682434082,-1.2132450342178345,-0.4856429398059845,-0.4789561331272125,-0.9466928243637085,-0.9426430463790894,0.7380098104476929,-0.5794327855110168,0.4090002295588939,-1.1914860529438454,0.17004588335903453,0.16951886024133442,85
86,-1.028171047553958,-1.5121288299560547,-1.513554573059082,-0.6209907531738281,-0.5972071886062622,-0.968440055847168,-0.9775098562240601,0.56243497133255,-0.44868436455726624,-1.0415011727567014,-1.68305254933387,0.17274567624722068,0.17220473729618072,86
87,-1.1748600412081738,-2.255966901779175,-2.2479381561279297,-0.6927053332328796,-0.6848243474960327,-1.0776536464691162,-1.0887035131454468,0.4780161380767822,-0.36981940269470215,0.6606995230698739,1.0796476137725408,0.1726754413834875,0.17216875930022713,87
88,-1.3312747196519001,-1.9474021196365356,-1.9855260848999023,-0.716547429561615,-0.7186019420623779,-1.002531886100769,-1.0200941562652588,0.33105218410491943,-0.4519527852535248,0.25274763374418924,-1.6100642465829689,0.17314374128763182,0.1727371964281818,88
89,-1.4711319239662832,-2.0407752990722656,-2.0683000087738037,-0.585739016532898,-0.5837657451629639,-1.080733299255371,-1.093810796737671,0.3124462068080902,-0.3554171621799469,-0.5413003287633121,0.6060664548200291,0.17612273215256619,0.17567604735140802,89
90,-1.583101297764544,-2.0427699089050293,-2.0290982723236084,-0.6322488784790039,-0.6265352368354797,-1.0710134506225586,-1.0881165266036987,0.09404019266366959,-0.2846390902996063,0.2697898454852182,-0.3967863517489932,0.179227655438836,0.17872218002404033,90
91,-1.6630505446522321,-1.8697469234466553,-1.8815255165100098,-0.621452808380127,-0.6108751893043518,-1.0893923044204712,-1.0970124006271362,0.013158939778804779,-0.15646257996559143,-0.12018234057059489,1.2015468194748116,0.17923014128746084,0.17873808059205035,91
92,-1.7114320064421824,-1.7211716175079346,-1.73771333694458,-0.5592520236968994,-0.5635411739349365,-1.2052775621414185,-1.2092459201812744,0.039029449224472046,0.09495809674263,1.9914614542349383,0.27499480240413493,0.17632929189390034,0.17587754843357142,92
93,-1.7264267738453596,-1.578474521636963,-1.5762100219726562,-0.5417587161064148,-0.5581235289573669,-1.1852374076843262,-1.1862053871154785,-0.10969055444002151,0.17555631697177887,0.8661777728200802,-0.4478303146396725,0.17341789633983726,0.17295318417307087,93
94,-1.7139334372325303,-1.7119262218475342,-1.698817253112793,-0.6040141582489014,-0.5881156921386719,-1.1239252090454102,-1.1285730600357056,-0.4336734712123871,0.1397717148065567,0.03932625927236625,-0.13316343414633303,0.17163997266193212,0.171026730385027,94
95,-1.7091574232105553,-1.7800120115280151,-1.7739323377609253,-0.7547506093978882,-0.7135306596755981,-1.0294967889785767,-1.0242772102355957,-0.7430720329284668,0.20118005573749542,0.8273492513930345,0.17660375674567816,0.1685594538621965,0.1677905011066468,95
96,-1.7541503083466332,-1.8064234256744385,-1.7993372678756714,-0.8804523944854736,-0.8604706525802612,-1.0376344919204712,-1.0278187990188599,-0.5498230457305908,0.2725362777709961,0.04657774015232564,0.09677970474818684,0.1614739079968391,0.16070297120449784,96
97,-1.8351635220570175,-1.8228940963745117,-1.8340176343917847,-0.9554362297058105,-0.9665607213973999,-1.0393015146255493,-1.0300037860870361,-0.5019885897636414,0.3668569028377533,0.5314128823596392,-0.5907450130117013,0.15067672208218816,0.14980757634557207,97
98,-1.8782719255943852,-1.7403428554534912,-1.8123688697814941,-0.9191815853118896,-0.9050143957138062,-0.9407490491867065,-0.9323813915252686,-0.5942220091819763,0.45166292786598206,-1.0633339734682068,-2.6707671263892645,0.13738290080394558,0.1364473003483371,98
99,-1.8588463777785922,-1.6280993223190308,-1.702540397644043,-0.9208345413208008,-0.8920141458511353,-0.84181809425354,-0.8393864631652832,-0.6699730753898621,0.43135231733322144,-0.5378810141288344,-1.8099072240297813,0.12178376839562961,0.12078340073093262,99
100,-1.858254593728486,-1.409428596496582,-1.489037275314331,-0.6189790964126587,-0.6059800982475281,-0.7712862491607666,-0.7653266787528992,-0.8186211585998535,0.5293474793434143,1.0154151702238932,-0.597838123015384,0.10272488016724517,0.1020259641547254,100
101,-1.9277182050927704,-1.370451807975769,-1.4840517044067383,-0.6093210577964783,-0.5915002822875977,-0.7455861568450928,-0.7360304594039917,-0.9130545854568481,0.7034247517585754,0.9444745653863192,-0.9807780272464257,0.0804574240370491,0.07983586989585922,101
102,-1.9583945025533294,-1.3826963901519775,-1.464808464050293,-0.851530134677887,-0.8945262432098389,-0.7258983850479126,-0.7171234488487244,-0.9466928243637085,0.7380098104476929,-1.138143212947871,-0.17847758433804553,0.05505101648153046,0.05439882716775086,102
103,-1.7899852067541837,-1.2450982332229614,-1.318613886833191,-0.8864399194717407,-0.885147213935852,-0.6718921661376953,-0.6621582508087158,-0.968440055847168,0.56243497133255,-0.5221639992603969,1.3594527457630334,0.026255086427826403,0.02575856978699597,103
104,-1.4687435638411563,-1.3226127624511719,-1.3800110816955566,-0.9307445287704468,-0.9332650899887085,-0.5520844459533691,-0.5384993553161621,-1.0776536464691162,0.4780161380767822,-0.25689840135142256,1.5132981906370278,-0.005082534746093479,-0.00564161857688363,104
105,-1.2723424640056689,-1.3563182353973389,-1.4090931415557861,-0.9667208194732666,-0.9779235124588013,-0.22183996438980103,-0.2212391495704651,-1.002531886100769,0.33105218410491943,-0.7259662365346683,-0.1805058721440315,-0.037469869654524056,-0.03803915911255223,105
106,-1.387476911876994,-1.324759602546692,-1.3574810028076172,-1.0335536003112793,-1.038479208946228,-0.06051073223352432,-0.08424917608499527,-1.080733299255371,0.3124462068080902,1.6164506245166506,-0.8256044560900321,-0.06860651881474286,-0.06908383095726899,106
107,-1.6516573769772753,-1.6711331605911255,-1.6935063600540161,-1.0872997045516968,-1.0872445106506348,-0.29843631386756897,-0.2994385063648224,-1.0710134506225586,0.09404019266366959,2.089823753549233,-0.21080131830899765,-0.0977116788029538,-0.09820060148266538,107
108,-1.773371238458724,-1.5412766933441162,-1.5690889358520508,-1.1062064170837402,-1.104227066040039,-0.3688918948173523,-0.36999276280403137,-1.0893923044204712,0.013158939778804779,1.0783219589824622,-0.057874120732447014,-0.12647710546679444,-0.12692764193088318,108
109,-1.6890164211563004,-1.432362675666809,-1.4856680631637573,-1.1135854721069336,-1.1088448762893677,-0.546800434589386,-0.5294202566146851,-1.2052775621414185,0.039029449224472046,1.2019339691265818,1.1784959539116275,-0.15579910758699003,-0.15648235330266097,109
110,-1.592547861175546,-1.4836574792861938,-1.5299373865127563,-1.112894058227539,-1.1071885824203491,-0.5743570327758789,-0.5520698428153992,-1.1852374076843262,-0.10969055444002151,0.5332653861063252,0.10541577946177132,-0.1852199007163546,-0.18599196180080507,110
111,-1.631902330726729,-1.4942141771316528,-1.5265564918518066,-1.1300692558288574,-1.1256047487258911,-0.5359922647476196,-0.5248450636863708,-1.1239252090454102,-0.4336734712123871,1.6004812089637135,1.723372797918246,-0.21330100662717755,-0.21412890826532166,111
112,-1.752084807358242,-1.4844156503677368,-1.5017058849334717,-1.1427394151687622,-1.1441930532455444,-0.582124650478363,-0.5448580384254456,-1.0294967889785767,-0.7430720329284668,-1.6897841754317307,-1.3174846133497342,-0.24041888099791192,-0.24118864809913568,112
113,-1.84481569711757,-1.517737865447998,-1.5245929956436157,-1.1405490636825562,-1.1375936269760132,-0.48559150099754333,-0.44656386971473694,-1.0376344919204712,-0.5498230457305908,-0.7471247276661291,0.7319982422700493,-0.26830691314469174,-0.2690161876519529,113
114,-1.878989128631679,-1.5071542263031006,-1.5189704895019531,-1.1336549520492554,-1.1304510831832886,-0.5364227294921875,-0.48554185032844543,-1.0393015146255493,-0.5019885897636414,-0.2931617651636801,0.8967635089216234,-0.2977900421769161,-0.29862353205489967,114
115,-1.868636807158596,-1.487553596496582,-1.5146584510803223,-1.1442067623138428,-1.1407674551010132,-0.6155436038970947,-0.54107666015625,-0.9407490491867065,-0.5942220091819763,-0.3856903436386618,-0.6819967025124136,-0.3287335164140371,-0.3291495412724222,115
116,-1.837411530831883,-1.4686222076416016,-1.5021264553070068,-1.1456375122070312,-1.1326866149902344,-0.4582309424877167,-0.3742513954639435,-0.84181809425354,-0.6699730753898621,0.2414209984137711,0.20404701618943313,-0.3586440302376349,-0.35889514293793223,116
117,-1.8612249075011829,-1.2864092588424683,-1.356810450553894,-1.0967353582382202,-1.097120761871338,-0.35772937536239624,-0.28193750977516174,-0.7712862491607666,-0.8186211585998535,-0.7994329749026586,0.19479081163266426,-0.38623982618690994,-0.38670295633936635,117
118,-1.9902574912428295,-1.0384132862091064,-1.1051806211471558,-1.0284708738327026,-1.0604512691497803,-0.3359554409980774,-0.26679110527038574,-0.7455861568450928,-0.9130545854568481,-0.9159426313306557,-1.1674400490140195,-0.4122257540709805,-0.4126626664147035,118
119,-2.0473463244905714,-1.0646804571151733,-1.0804277658462524,-0.71793133020401,-0.6953392624855042,-0.3115236163139343,-0.23863902688026428,-0.7258983850479126,-0.9466928243637085,-1.8993515319074203,0.35799527572636114,-0.43755839696395654,-0.4378786137235857,119
120,-1.7446827542933419,-0.9881911873817444,-0.9748566746711731,-0.6486325263977051,-0.6373175978660583,-0.36543646454811096,-0.31244686245918274,-0.6718921661376953,-0.968440055847168,-0.21133279139174177,1.965748753696873,-0.4630503208406522,-0.4633214580215964,120
121,-1.1751218811615507,-0.6416680216789246,-0.6643555760383606,-0.6841025948524475,-0.6838693022727966,-0.2916432321071625,-0.231077641248703,-0.5520844459533691,-1.0776536464691162,0.887790792145681,0.3916752288218424,-0.4877784206231623,-0.4881389193987443,121
122,-0.9112539792540455,-0.8726482391357422,-0.9591808915138245,-0.6656516194343567,-0.6124498844146729,-0.22693878412246704,-0.13182607293128967,-0.22183996438980103,-1.002531886100769,-0.5856787079669037,0.46939740689326076,-0.5094433153606505,-0.5095839680013641,122
123,-1.3147105573421576,-0.9993658661842346,-0.9957315325737,-0.7648165822029114,-0.7291481494903564,-0.2040625512599945,-0.132400244474411,-0.06051073223352432,-1.080733299255371,0.33932369005352636,-0.19448648500075955,-0.5252252859961399,-0.5253881738332781,123
124,-1.9213581767627979,-0.847119152545929,-0.8072757720947266,-1.2724679708480835,-1.0281462669372559,-0.18321815133094788,-0.1343574821949005,-0.29843631386756897,-1.0710134506225586,-1.371877176396912,0.2888986932633425,-0.535758077505062,-0.5362466166100514,124
125,-1.9028764576903372,-0.7458063960075378,-0.6886081099510193,-0.7899588346481323,-0.5806431174278259,-0.0035213008522987366,0.07234673947095871,-0.3688918948173523,-1.0893923044204712,-0.7627741482936283,-0.26502723944151274,-0.5446218441786937,-0.5452509288688623,125
126,-1.1248125558401065,-0.3755601644515991,-0.44364237785339355,-0.7532006502151489,-0.49934878945350647,-0.13805422186851501,-0.02581162005662918,-0.546800434589386,-1.2052775621414185,-1.0168440099677747,0.2333798271112034,-0.5536737630351866,-0.554511172936303,126
127,-0.37913456748346086,-0.6000479459762573,-0.5676581263542175,-0.4597199857234955,-0.30638960003852844,-0.06634915620088577,0.013295985758304596,-0.5743570327758789,-1.1852374076843262,-0.1076304472609602,1.0573131326905805,-0.5623353288903798,-0.5633649895136175,127
128,-0.4406811697960991,-0.3236105144023895,-0.4549679160118103,-0.2057708203792572,-0.0713416263461113,-0.08470999449491501,0.0256706103682518,-0.5359922647476196,-1.1239252090454102,-0.2688924978903607,1.0690373455030047,-0.5692181368703351,-0.5704401937333505,128
129,-1.2016173472197913,-0.4329356849193573,-0.49412792921066284,-0.9145629405975342,-0.6254091262817383,-0.18541356921195984,0.017739571630954742,-0.582124650478363,-1.0294967889785767,0.10955747825684811,-0.2958650259412104,-0.5747746473769416,-0.5757520975629306,129
130,-1.906481760063332,-0.6063646674156189,-0.6515827775001526,-0.9738031625747681,-0.9005661010742188,-0.13294914364814758,0.06994660943746567,-0.48559150099754333,-1.0376344919204712,-0.8513387293212404,-0.5056297222982438,-0.5788922691896361,-0.5798217471957126,130
131,-1.9970511352743068,-0.5542715191841125,-0.5676922798156738,-0.9854310750961304,-0.8640674352645874,-0.22962546348571777,-0.047504015266895294,-0.5364227294921875,-1.0393015146255493,-1.3799759637075442,-0.9719481517972315,-0.5810717594498999,-0.5820421480599058,131
132,-1.5188055777211091,-0.4025923013687134,-0.40280812978744507,-1.0164415836334229,-0.9112410545349121,-0.06276144832372665,0.13970644772052765,-0.6155436038970947,-0.9407490491867065,0.6350254350984499,0.7622331585079184,-0.5806535338535697,-0.5816036515998018,132
133,-0.8924426614360935,-0.2433212399482727,-0.2545579969882965,-1.099379539489746,-1.0848766565322876,0.026288412511348724,0.17526984214782715,-0.4582309424877167,-0.84181809425354,1.535362857502995,-0.6418680931618989,-0.5783579205773375,-0.5792364396273605,133
134,-0.546595756001596,-0.3210948407649994,-0.31875020265579224,-0.8324115872383118,-0.8474869728088379,-0.14060312509536743,-0.03695172816514969,-0.35772937536239624,-0.7712862491607666,0.33495390829002203,-0.0583968633559312,-0.5754855785998422,-0.576155413690616,134
135,-0.676868677936194,-0.3663318455219269,-0.35652992129325867,-0.7676621079444885,-0.7998040318489075,-0.3006044030189514,-0.2093474268913269,-0.3359554409980774,-0.7455861568450928,-1.3597579718836554,0.38782252471797285,-0.5709323074080983,-0.5715355793752522,135
136,-1.1160544433458814,-0.338609516620636,-0.3317432701587677,-0.7002822756767273,-0.7044214010238647,-0.3383050560951233,-0.22863399982452393,-0.3115236163139343,-0.7258983850479126,0.09150141467978966,1.3312590305678684,-0.5627442571630078,-0.5630619108096121,136
137,-1.44765670395432,-0.3105102479457855,-0.2937585413455963,-0.6871817708015442,-0.6828727722167969,-0.3559812307357788,-0.20539945363998413,-0.36543646454811096,-0.6718921661376953,-0.11044378240656016,-1.7960016046031542,-0.5502148242935726,-0.5504982946993191,137
138,-1.4062778188681162,-0.3314344584941864,-0.3212162256240845,-0.6204575896263123,-0.6152501702308655,-0.3649584949016571,-0.21133926510810852,-0.2916432321071625,-0.5520844459533691,-1.2533230478816457,0.19298257540879346,-0.5367104022288537,-0.5371054604527896,138
139,-1.1600755881247808,-0.37759876251220703,-0.3650789260864258,-0.5753145217895508,-0.5882036685943604,-0.4789426028728485,-0.34490492939949036,-0.22693878412246704,-0.22183996438980103,0.18458177886563498,-2.268111893951637,-0.5253618995808306,-0.526048635688661,139
140,-1.0650908642795205,-0.4199100136756897,-0.41425028443336487,-0.5537970066070557,-0.5652163624763489,-0.5751323103904724,-0.4527876079082489,-0.2040625512599945,-0.06051073223352432,0.49867281817724507,-0.5530097945967485,-0.5156137097192127,-0.516488647310687,140
141,-1.2022928532743933,-0.4470602571964264,-0.44460946321487427,-0.4524224102497101,-0.45090702176094055,-0.4680287539958954,-0.35006675124168396,-0.18321815133094788,-0.29843631386756897,1.8460291028453713,0.6397910824571649,-0.5041408479298193,-0.5048779555924358,141
142,-1.3358476586777968,-0.4582650661468506,-0.44355520606040955,-0.533305823802948,-0.49593713879585266,-0.37675315141677856,-0.2629581689834595,-0.0035213008522987366,-0.3688918948173523,-0.8335019423235425,0.9342203084578663,-0.4888743779501886,-0.489739190041637,142
143,-1.2915091919836872,-0.46686410903930664,-0.44520893692970276,-0.5298254489898682,-0.48183050751686096,-0.3892366588115692,-0.2883974313735962,-0.13805422186851501,-0.546800434589386,0.2782278849697369,0.36629434674236766,-0.4725759060081287,-0.4733187701087284,143
144,-1.1651239964693143,-0.48981577157974243,-0.4761836528778076,-0.4629354178905487,-0.43755581974983215,-0.4462805688381195,-0.35773494839668274,-0.06634915620088577,-0.5743570327758789,1.0686462925283573,0.8374246581605214,-0.45783891028413803,-0.4586298642551446,144
145,-1.1009140817335386,-0.5662707686424255,-0.54111647605896,-0.47770580649375916,-0.47220203280448914,-0.41931983828544617,-0.35778018832206726,-0.08470999449491501,-0.5359922647476196,-0.38082337186095283,0.6778454607305445,-0.44574686875423486,-0.44666830332779217,145
146,-1.0552875012848877,-0.5558285713195801,-0.5297947525978088,-0.47969481348991394,-0.45235565304756165,-0.2518378794193268,-0.1905023455619812,-0.18541356921195984,-0.582124650478363,-0.4191215403223605,-1.140758878985648,-0.435828209818496,-0.4368257687427696,146
147,-0.9115649045419438,-0.436037540435791,-0.3891512155532837,-0.3126472532749176,-0.3340720236301422,-0.1914515197277069,-0.11004478484392166,-0.13294914364814758,-0.48559150099754333,0.18919795348288687,0.07262515806321973,-0.427424838577584,-0.4284258546841303,147
148,-0.6899989327741526,-0.3932473659515381,-0.3754380941390991,-0.29523658752441406,-0.3103248178958893,-0.2635675370693207,-0.1642933487892151,-0.22962546348571777,-0.5364227294921875,0.29867749559595896,0.8128889177274377,-0.4200983188120917,-0.42076420205112547,148
149,-0.5243250221617572,-0.3700384199619293,-0.3629318177700043,-0.28657829761505127,-0.2957771122455597,-0.28771159052848816,-0.1786498725414276,-0.06276144832372665,-0.6155436038970947,-1.4990808493289594,1.0611729669365428,-0.4120990069843442,-0.4128319311326691,149
150,-0.4622186556836945,-0.34613037109375,-0.3375476896762848,-0.30335092544555664,-0.3142479360103607,-0.27059832215309143,-0.1684594452381134,0.026288412511348724,-0.4582309424877167,0.564888213847341,-0.7895047187436263,-0.4033299112858838,-0.40435078857414075,150
151,-0.40438984292055064,-0.3373900055885315,-0.32801321148872375,-0.1678454577922821,-0.2500908076763153,-0.28892895579338074,-0.18384361267089844,-0.14060312509536743,-0.35772937536239624,0.6211463617487001,-0.5808079299466443,-0.39531998690788833,-0.3963731269768323,151
152,-0.25458314715953373,-0.40526825189590454,-0.4027442932128906,-0.1544627845287323,-0.2925510108470917,-0.2985948324203491,-0.18745368719100952,-0.3006044030189514,-0.3359554409980774,1.2525537265989704,0.011239292386628217,-0.388945688828522,-0.38991242767994916,152
153,-0.058673275200957664,-0.41038021445274353,-0.4106181859970093,-0.21775540709495544,-0.29217061400413513,-0.36331528425216675,-0.2816471755504608,-0.3383050560951233,-0.3115236163139343,-0.677804798945533,1.3910697502188374,-0.38372969281725605,-0.38473149699067877,153
154,0.07314959956850081,-0.4133840799331665,-0.4197428226470947,-0.39739373326301575,-0.25098833441734314,-0.3505825698375702,-0.3164307475090027,-0.3559812307357788,-0.36543646454811096,-1.2630394835166678,1.3252366913543099,-0.3792691718086301,-0.380481294945663,154
155,0.14358117638081241,-0.42496636509895325,-0.3947279155254364,-0.5129329562187195,-0.3842450976371765,-0.25340643525123596,-0.24395084381103516,-0.3649584949016571,-0.2916432321071625,-0.9827703049862375,1.9666334677883504,-0.37714141071825874,-0.3783462328471983,155
156,0.2518809627920843,-0.4377554655075073,-0.4419781565666199,-0.6536130905151367,-0.5646231174468994,-0.15039560198783875,-0.1518060266971588,-0.4789426028728485,-0.22693878412246704,-0.09332658857578512,0.8348232652340885,-0.37859902718903005,-0.3797778561626349,156
157,0.39586764248176737,-0.6187490820884705,-0.5801758766174316,-0.727051317691803,-0.7046602368354797,-0.011196307837963104,-0.014551617205142975,-0.5751323103904724,-0.2040625512599945,-0.5878329370390928,-1.3779820523486468,-0.38240817380705067,-0.3836062680866232,157
158,0.45646063572858425,-0.6006331443786621,-0.5687810182571411,-0.6812953948974609,-0.6479486227035522,-0.03128359466791153,-0.046699799597263336,-0.4680287539958954,-0.18321815133094788,0.3854968750895811,-1.147801187218069,-0.3846739155762409,-0.386326287314814,158
159,0.45735250760186147,-0.5321241021156311,-0.49179762601852417,-0.5822196006774902,-0.5697806477546692,-0.08305873721837997,-0.0864749327301979,-0.37675315141677856,-0.0035213008522987366,-0.9229294272231813,1.1406391793164188,-0.3845779125814402,-0.3862564114381305,159
160,0.652265656339966,-0.3458768427371979,-0.30981358885765076,-0.3995684087276459,-0.36883801221847534,-0.02363619953393936,-0.0018482357263565063,-0.3892366588115692,-0.13805422186851501,-0.50602459011111,0.140401606055346,-0.38425924728605065,-0.38606628712448243,160
161,1.145285760336017,-0.20175597071647644,-0.1568845808506012,-0.3649153709411621,-0.34065690636634827,0.18760284781455994,0.22870412468910217,-0.4462805688381195,-0.06634915620088577,0.3770853058053837,-0.9133358906177902,-0.38727202952954554,-0.3893630413640917,161
162,1.5054137870919246,-0.1834455132484436,-0.13878901302814484,-0.3056938350200653,-0.3670765459537506,0.558498203754425,0.6105116009712219,-0.41931983828544617,-0.08470999449491501,-0.528800673860476,1.0346904498951293,-0.39399944266745535,-0.3958827450601506,162
163,1.1212358514595056,-0.2337741255760193,-0.21582472324371338,-0.1981632113456726,-0.27391257882118225,0.7285549640655518,0.7957502007484436,-0.2518378794193268,-0.18541356921195984,-0.23050723764188205,0.01809484675281961,-0.4001017866523183,-0.4017067776651602,163
164,0.0964857663583771,-0.24953150749206543,-0.24789872765541077,-0.030112452805042267,-0.11827830225229263,0.7407978773117065,0.8509314060211182,-0.1914515197277069,-0.13294914364814758,-1.6004048582228443,0.7474034960094317,-0.402259588845636,-0.40378917264406905,164
165,-0.551178757487125,-0.2875826060771942,-0.3197678029537201,0.3127894401550293,0.3099159300327301,0.6985584497451782,0.8410265445709229,-0.2635675370693207,-0.22962546348571777,0.3510546531617913,1.0433605610865189,-0.40123050768821855,-0.4026781738889201,165
166,0.05480211790568189,-0.18365201354026794,-0.2465379536151886,0.37135592103004456,0.3601394593715668,0.8731343746185303,0.9444639086723328,-0.28771159052848816,-0.06276144832372665,-1.2044033562100562,0.9602959522077121,-0.39917694744441795,-0.40039314350035443,166
167,1.5260808254362739,-0.03907394781708717,-0.10663917660713196,0.3110746145248413,0.2976670265197754,1.0860569477081299,1.1927355527877808,-0.27059832215309143,0.026288412511348724,-0.3361449458423798,-1.2345315136013433,-0.3960298122584135,-0.39713760266172726,167
168,2.5043626525011025,0.1629040390253067,0.14052078127861023,0.14837682247161865,0.1448918581008911,1.0092107057571411,1.1184324026107788,-0.28892895579338074,-0.14060312509536743,0.3717751737256955,-0.8692825264787387,-0.3901686631381229,-0.39159258580337125,168
169,2.1074044503987825,0.19590157270431519,0.1915227770805359,0.1177467331290245,0.12658879160881042,0.9838644862174988,1.0356416702270508,-0.2985948324203491,-0.3006044030189514,-0.6386234937126972,1.5270046250363247,-0.38207964722140464,-0.38377540542895416,169
170,0.8121828157142766,0.28612565994262695,0.2858690023422241,0.11934282630681992,0.12090567499399185,0.9847126603126526,1.03834867477417,-0.36331528425216675,-0.3383050560951233,-0.5099845912312039,-0.14183645803170458,-0.3739204447820319,-0.37557790768405047,170
171,-0.16984551433440198,0.2524740397930145,0.25489917397499084,0.15738272666931152,0.14609703421592712,0.8946660757064819,0.9728807806968689,-0.3505825698375702,-0.3559812307357788,1.558582594283723,-0.24072450626171896,-0.36638690861182516,-0.36793836978506383,171
172,-0.12917033554803906,0.19915413856506348,0.221540629863739,0.24829894304275513,0.24196231365203857,0.6724771857261658,0.7507096529006958,-0.25340643525123596,-0.3649584949016571,0.7131579311860644,0.13853603135476944,-0.35778585515193695,-0.3591827401812116,172
173,0.660677132554744,0.21257221698760986,0.24800840020179749,0.41831931471824646,0.3945435881614685,0.5667259693145752,0.6261751651763916,-0.15039560198783875,-0.4789426028728485,-0.5177633050376942,-0.6380001120129405,-0.3457361926805786,-0.34722262458002356,173
174,1.4565356970575343,0.29198023676872253,0.3302876949310303,0.5793942213058472,0.577476441860199,0.6869940757751465,0.7578603029251099,-0.011196307837963104,-0.5751323103904724,0.013476596901064725,0.8051141489161707,-0.33085217813584594,-0.3323768526140125,174
175,1.7549561518911925,0.2932305634021759,0.2879587411880493,0.6661197543144226,0.6654452681541443,1.1305450201034546,1.2400835752487183,-0.03128359466791153,-0.4680287539958954,-0.6727070618147043,-0.011764265553207469,-0.31462939559287145,-0.31644021929226984,175
176,1.555725113053723,0.3460420072078705,0.34406930208206177,0.6786327958106995,0.6770240068435669,1.0860224962234497,1.2066919803619385,-0.08305873721837997,-0.37675315141677856,0.23167642698351992,-0.8432351567981505,-0.297726227138619,-0.2994357599349289,176
177,1.1936106377754747,0.6586630940437317,0.6406970024108887,0.6624665260314941,0.6627471446990967,0.9708149433135986,1.0814688205718994,-0.02363619953393936,-0.3892366588115692,-1.125312844046159,-0.2542806471126921,-0.2775102664398218,-0.2790278332674658,177
178,1.0026581900763554,0.798304557800293,0.759239137172699,0.6850156188011169,0.6848937273025513,0.8391309380531311,0.9220612049102783,0.18760284781455994,-0.4462805688381195,0.6281186576392281,0.4417202717384223,-0.25234931798612587,-0.2539746531122239,178
179,1.0670069045267099,0.8372172117233276,0.7916716933250427,0.7438589930534363,0.751081109046936,0.8862265944480896,0.9505712389945984,0.558498203754425,-0.41931983828544617,-0.12838413178882158,1.6749248216655508,-0.22516517432165647,-0.22666238762631313,179
180,1.215498799732974,0.8274361491203308,0.7820571660995483,0.7620654702186584,0.76951664686203,1.0410534143447876,1.138197898864746,0.7285549640655518,-0.2518378794193268,1.2055499655016435,-2.6538470864598853,-0.19898636119448304,-0.20061251214630663,180
181,1.2559608676459533,0.7127877473831177,0.6777428388595581,0.7436025142669678,0.7447916865348816,0.9249078035354614,1.0448378324508667,0.7407978773117065,-0.1914515197277069,-1.3924371513762739,-0.17334168579112696,-0.1747543970563541,-0.17625490788442613,181
182,1.1943032353196739,0.598579466342926,0.5772122144699097,0.7541447877883911,0.757771372795105,0.6729822754859924,0.7857181429862976,0.6985584497451782,-0.2635675370693207,-0.9908879566172567,-0.7746489033585634,-0.14937301974001602,-0.1510293581844704,182
183,1.1781743478168372,0.7149055004119873,0.6992208361625671,0.767920196056366,0.7707868218421936,0.5877750515937805,0.6679051518440247,0.8731343746185303,-0.28771159052848816,-0.6114342094386906,1.3944171172581667,-0.12190236725167419,-0.12339717604351387,183
184,1.2817566248894525,0.6906355619430542,0.6757243275642395,0.7862411737442017,0.7893258333206177,0.645378589630127,0.7299303412437439,1.0860569477081299,-0.27059832215309143,-1.755886615349747,-0.24862813399116251,-0.09303672657922328,-0.09450070963099066,184
185,1.4380216830493795,0.7156456112861633,0.7020989060401917,0.8161521553993225,0.8211265206336975,0.6752558350563049,0.7755036354064941,1.0092107057571411,-0.28892895579338074,0.5197875569764396,0.9660219423639731,-0.0640464617275802,-0.06552039499873605,185
186,1.5659528425403013,0.8401435613632202,0.8421890139579773,0.8455803990364075,0.8487253189086914,0.631758987903595,0.7134154438972473,0.9838644862174988,-0.2985948324203491,-0.4608895835852726,1.013773231965495,-0.03465950322410535,-0.03613547529188171,186
187,1.6602490777286925,1.0205113887786865,1.0407692193984985,0.9252908825874329,0.9244477152824402,0.6093569397926331,0.643455445766449,0.9847126603126526,-0.36331528425216675,0.7033979521193303,-0.9232707739451081,-0.005108386284828536,-0.006669337847195796,187
188,1.7445140358018976,1.163386344909668,1.1609556674957275,0.9660813808441162,0.9721425771713257,0.6904982328414917,0.6931775808334351,0.8946660757064819,-0.3505825698375702,-0.3878493144792266,0.3895421420916818,0.022321684736621952,0.02066979849041585,188
189,1.798865325985225,1.144497036933899,1.1544685363769531,0.9664544463157654,0.9763983488082886,0.7265244126319885,0.7240314483642578,0.6724771857261658,-0.25340643525123596,0.5398138863370436,-0.9817571254045636,0.04610984489234677,0.04459164800405632,189
190,1.8023939635333437,1.1425973176956177,1.1563678979873657,1.0185472965240479,1.0436921119689941,0.7670125365257263,0.7638818025588989,0.5667259693145752,-0.15039560198783875,-0.5346794436452009,0.8093210388672789,0.06889450329522923,0.067515084176073,190
191,1.781334190383666,1.121201992034912,1.1287789344787598,1.0717346668243408,1.0930616855621338,0.802802562713623,0.7909916639328003,0.6869940757751465,-0.011196307837963104,0.1302855504005945,0.749290966367637,0.0945038815482102,0.09297918621886007,191
192,1.781335133291801,1.1518887281417847,1.1118196249008179,1.0818628072738647,1.094880223274231,0.8482922315597534,0.8241207003593445,1.1305450201034546,-0.03128359466791153,-0.13365729855283628,0.8458007745552788,0.12227231415725692,0.12087740387124844,192
193,1.7864277559478687,1.2085351943969727,1.1788147687911987,1.0576218366622925,1.0697216987609863,0.845304012298584,0.8213427662849426,1.0860224962234497,-0.08305873721837997,0.6280216598436714,-0.2418751947345847,0.14917532704468459,0.14776892552633822,193
194,1.7540673372221915,1.2441930770874023,1.2326337099075317,1.0232841968536377,1.0242292881011963,0.8096280694007874,0.7951166033744812,0.9708149433135986,-0.02363619953393936,0.1528036017707016,-0.05289817418330157,0.17311146218811357,0.17172187989181245,194
195,1.6716608188284878,1.232173204421997,1.1899462938308716,1.0177958011627197,1.0196446180343628,0.8188439607620239,0.8087254762649536,0.8391309380531311,0.18760284781455994,0.035388384767014176,-1.1756256264355005,0.1958001737874598,0.1943887294017769,195
196,1.579217733542787,1.1173452138900757,1.086478352546692,1.059421181678772,1.0613532066345215,0.7904132604598999,0.7841333746910095,0.8862265944480896,0.558498203754425,2.165707356964347,-0.017779507858777594,0.2190373711392285,0.2177435556619256,196
197,1.50936542323129,1.157554030418396,1.1428152322769165,1.1978071928024292,1.1973435878753662,0.7392693758010864,0.7312366962432861,1.0410534143447876,0.7285549640655518,0.1938068659363676,-1.158919738089238,0.24216873806446962,0.24099615766717675,197
198,1.4456047910015741,1.1496057510375977,1.1387008428573608,1.2176158428192139,1.2180012464523315,0.7704711556434631,0.761773943901062,0.9249078035354614,0.7407978773117065,-0.9687768828121787,0.741405380578278,0.26333894115969475,0.2622782909149592,198
199,1.3880332962987054,1.112309455871582,1.099074363708496,1.2065114974975586,1.2047489881515503,0.8080203533172607,0.7943024635314941,0.6729822754859924,0.6985584497451782,0.8013380979644783,-0.24922235107440976,0.28277967619367456,0.2819231693755871,199
