,mean_absolute_error,_step,loss,mean_squared_error,_runtime,val_mean_squared_error,epoch,val_mean_absolute_error,_timestamp,val_loss,run_id,batch_size,future,past,units,dropout,runtime,best_val_loss,best_epoch,pretrained,trainable,preprocess,optimizer,train_split,h_pass,l_pass,layers_transferred,bci_task,repetitions
0,1.0126135349273682,0.0,,1.873899221420288,69.0,2.1932690143585205,30,1.1162047386169434,1638697258.0,2.1932690143585205,4a3na06s,9,16,37,535,0.4437495528250805,,0.2994064688682556,20,,,advanced,adam,0.7478413622569275,0.0068843572878976,0.07679280640310704,,,
1,0.9848279356956482,1.0,,1.505163550376892,130.0,0.6067743897438049,30,0.6211090683937073,1638697319.0,0.6067743897438049,4a3na06s,9,16,37,535,0.4437495528250805,,0.2994064688682556,20,,,advanced,adam,0.7478413622569275,0.0068843572878976,0.07679280640310704,,,
2,0.6469635367393494,2.0,,0.7485544681549072,193.0,0.8310043811798096,30,0.575397253036499,1638697382.0,0.8310043811798096,4a3na06s,9,16,37,535,0.4437495528250805,,0.2994064688682556,20,,,advanced,adam,0.7478413622569275,0.0068843572878976,0.07679280640310704,,,
3,0.4178069233894348,3.0,,0.3065226972103119,255.0,0.676922082901001,30,0.657451331615448,1638697444.0,0.676922082901001,4a3na06s,9,16,37,535,0.4437495528250805,,0.2994064688682556,20,,,advanced,adam,0.7478413622569275,0.0068843572878976,0.07679280640310704,,,
4,0.36604073643684387,4.0,,0.24927876889705658,320.0,0.9312180876731873,30,0.7261970043182373,1638697509.0,0.9312180876731873,4a3na06s,9,16,37,535,0.4437495528250805,,0.2994064688682556,20,,,advanced,adam,0.7478413622569275,0.0068843572878976,0.07679280640310704,,,
5,0.3109588325023651,5.0,,0.18710912764072418,385.0,10.150833129882812,30,1.2588516473770142,1638697574.0,10.150833129882812,4a3na06s,9,16,37,535,0.4437495528250805,,0.2994064688682556,20,,,advanced,adam,0.7478413622569275,0.0068843572878976,0.07679280640310704,,,
6,0.3748164772987366,6.0,,0.5673303008079529,451.0,9.42631721496582,30,1.4471648931503296,1638697640.0,9.42631721496582,4a3na06s,9,16,37,535,0.4437495528250805,,0.2994064688682556,20,,,advanced,adam,0.7478413622569275,0.0068843572878976,0.07679280640310704,,,
7,0.3856692314147949,7.0,,0.3035389482975006,516.0,0.8348578214645386,30,0.72342449426651,1638697705.0,0.8348578214645386,4a3na06s,9,16,37,535,0.4437495528250805,,0.2994064688682556,20,,,advanced,adam,0.7478413622569275,0.0068843572878976,0.07679280640310704,,,
8,0.39594781398773193,8.0,,0.2960383892059326,580.0,1.0590139627456665,30,0.5781916379928589,1638697769.0,1.0590139627456665,4a3na06s,9,16,37,535,0.4437495528250805,,0.2994064688682556,20,,,advanced,adam,0.7478413622569275,0.0068843572878976,0.07679280640310704,,,
9,0.4302942454814911,9.0,,0.32749420404434204,644.0,0.9217343926429749,30,0.6257122755050659,1638697833.0,0.9217343926429749,4a3na06s,9,16,37,535,0.4437495528250805,,0.2994064688682556,20,,,advanced,adam,0.7478413622569275,0.0068843572878976,0.07679280640310704,,,
10,0.38443487882614136,10.0,,0.3766011893749237,707.0,0.4660358726978302,30,0.5444121956825256,1638697896.0,0.4660358726978302,4a3na06s,9,16,37,535,0.4437495528250805,,0.2994064688682556,20,,,advanced,adam,0.7478413622569275,0.0068843572878976,0.07679280640310704,,,
11,0.35936686396598816,11.0,,0.3575538098812103,771.0,0.6543192267417908,30,0.622981607913971,1638697960.0,0.6543192267417908,4a3na06s,9,16,37,535,0.4437495528250805,,0.2994064688682556,20,,,advanced,adam,0.7478413622569275,0.0068843572878976,0.07679280640310704,,,
12,0.3030566871166229,12.0,,0.20018993318080902,834.0,5.35945463180542,30,0.9713004231452942,1638698023.0,5.35945463180542,4a3na06s,9,16,37,535,0.4437495528250805,,0.2994064688682556,20,,,advanced,adam,0.7478413622569275,0.0068843572878976,0.07679280640310704,,,
13,0.31377047300338745,13.0,,0.22561609745025635,897.0,0.9502118229866028,30,0.5721979141235352,1638698086.0,0.9502118229866028,4a3na06s,9,16,37,535,0.4437495528250805,,0.2994064688682556,20,,,advanced,adam,0.7478413622569275,0.0068843572878976,0.07679280640310704,,,
14,0.34803637862205505,14.0,,0.45989862084388733,961.0,0.7928788661956787,30,0.7067697048187256,1638698150.0,0.7928788661956787,4a3na06s,9,16,37,535,0.4437495528250805,,0.2994064688682556,20,,,advanced,adam,0.7478413622569275,0.0068843572878976,0.07679280640310704,,,
15,0.245919331908226,15.0,,0.1290241926908493,1025.0,0.44847622513771057,30,0.5145946741104126,1638698214.0,0.44847622513771057,4a3na06s,9,16,37,535,0.4437495528250805,,0.2994064688682556,20,,,advanced,adam,0.7478413622569275,0.0068843572878976,0.07679280640310704,,,
16,0.3405784070491791,16.0,,0.24994494020938873,1089.0,0.4236685633659363,30,0.5375879406929016,1638698278.0,0.4236685633659363,4a3na06s,9,16,37,535,0.4437495528250805,,0.2994064688682556,20,,,advanced,adam,0.7478413622569275,0.0068843572878976,0.07679280640310704,,,
17,0.28946661949157715,17.0,,0.15801449120044708,1152.0,0.49030616879463196,30,0.5113399624824524,1638698341.0,0.49030616879463196,4a3na06s,9,16,37,535,0.4437495528250805,,0.2994064688682556,20,,,advanced,adam,0.7478413622569275,0.0068843572878976,0.07679280640310704,,,
18,0.3120667636394501,18.0,,0.22482608258724213,1215.0,0.574135959148407,30,0.6264183521270752,1638698404.0,0.574135959148407,4a3na06s,9,16,37,535,0.4437495528250805,,0.2994064688682556,20,,,advanced,adam,0.7478413622569275,0.0068843572878976,0.07679280640310704,,,
19,0.2869519293308258,19.0,,0.14642183482646942,1280.0,0.43999525904655457,30,0.5375447869300842,1638698469.0,0.43999525904655457,4a3na06s,9,16,37,535,0.4437495528250805,,0.2994064688682556,20,,,advanced,adam,0.7478413622569275,0.0068843572878976,0.07679280640310704,,,
20,0.28432410955429077,20.0,,0.1313086599111557,1344.0,0.299406498670578,30,0.44575178623199463,1638698533.0,0.2994064688682556,4a3na06s,9,16,37,535,0.4437495528250805,,0.2994064688682556,20,,,advanced,adam,0.7478413622569275,0.0068843572878976,0.07679280640310704,,,
21,0.24847277998924255,21.0,,0.1219460740685463,1408.0,0.4024389982223511,30,0.49094679951667786,1638698597.0,0.4024389982223511,4a3na06s,9,16,37,535,0.4437495528250805,,0.2994064688682556,20,,,advanced,adam,0.7478413622569275,0.0068843572878976,0.07679280640310704,,,
22,0.2108210176229477,22.0,,0.08208072185516357,1474.0,0.6591993570327759,30,0.6711884140968323,1638698663.0,0.6591993570327759,4a3na06s,9,16,37,535,0.4437495528250805,,0.2994064688682556,20,,,advanced,adam,0.7478413622569275,0.0068843572878976,0.07679280640310704,,,
23,0.3055756688117981,23.0,,0.18597108125686646,1538.0,0.4384270906448364,30,0.5444795489311218,1638698727.0,0.4384270906448364,4a3na06s,9,16,37,535,0.4437495528250805,,0.2994064688682556,20,,,advanced,adam,0.7478413622569275,0.0068843572878976,0.07679280640310704,,,
24,0.28542542457580566,24.0,,0.12824459373950958,1601.0,0.4383849799633026,30,0.534477949142456,1638698790.0,0.4383849799633026,4a3na06s,9,16,37,535,0.4437495528250805,,0.2994064688682556,20,,,advanced,adam,0.7478413622569275,0.0068843572878976,0.07679280640310704,,,
25,0.29458287358283997,25.0,,0.13239426910877228,1666.0,0.3554445803165436,30,0.4998088777065277,1638698855.0,0.3554445803165436,4a3na06s,9,16,37,535,0.4437495528250805,,0.2994064688682556,20,,,advanced,adam,0.7478413622569275,0.0068843572878976,0.07679280640310704,,,
26,0.25022318959236145,26.0,,0.10300371050834656,1730.0,0.5547463297843933,30,0.6190056800842285,1638698919.0,0.5547463297843933,4a3na06s,9,16,37,535,0.4437495528250805,,0.2994064688682556,20,,,advanced,adam,0.7478413622569275,0.0068843572878976,0.07679280640310704,,,
27,0.210012748837471,27.0,,0.07533814013004303,1795.0,0.49901241064071655,30,0.5381316542625427,1638698984.0,0.49901241064071655,4a3na06s,9,16,37,535,0.4437495528250805,,0.2994064688682556,20,,,advanced,adam,0.7478413622569275,0.0068843572878976,0.07679280640310704,,,
28,0.22636239230632782,28.0,,0.08360779285430908,1859.0,0.4238266944885254,30,0.5417672395706177,1638699048.0,0.4238266944885254,4a3na06s,9,16,37,535,0.4437495528250805,,0.2994064688682556,20,,,advanced,adam,0.7478413622569275,0.0068843572878976,0.07679280640310704,,,
29,0.2388065904378891,29.0,,0.10027964413166046,1928.0,0.5393289923667908,30,0.6001845002174377,1638699117.0,0.5393289923667908,4a3na06s,9,16,37,535,0.4437495528250805,,0.2994064688682556,20,,,advanced,adam,0.7478413622569275,0.0068843572878976,0.07679280640310704,,,
30,0.21111245453357697,30.0,,0.07809450477361679,1999.0,0.34566381573677063,30,0.49843254685401917,1638699188.0,0.34566381573677063,4a3na06s,9,16,37,535,0.4437495528250805,,0.2994064688682556,20,,,advanced,adam,0.7478413622569275,0.0068843572878976,0.07679280640310704,,,
0,0.7550387382507324,0.0,,1.4155514240264893,16.0,0.16842421889305115,10,0.3292825222015381,1638693027.0,0.16842421889305115,yqlpb2fx,46,16,31,698,0.27943807657161623,,0.16842421889305115,0,,,medium,adam,0.7048820155758271,0.04161466721555888,1.1999101201504174,,,
1,0.6672245264053345,1.0,,1.475229024887085,22.0,0.18454185128211975,10,0.3436340391635895,1638693033.0,0.18454185128211975,yqlpb2fx,46,16,31,698,0.27943807657161623,,0.16842421889305115,0,,,medium,adam,0.7048820155758271,0.04161466721555888,1.1999101201504174,,,
2,0.5595077872276306,2.0,,0.7527670860290527,28.0,0.17693111300468445,10,0.338794082403183,1638693039.0,0.17693111300468445,yqlpb2fx,46,16,31,698,0.27943807657161623,,0.16842421889305115,0,,,medium,adam,0.7048820155758271,0.04161466721555888,1.1999101201504174,,,
3,0.5150106549263,3.0,,0.6153750419616699,34.0,0.20090191066265106,10,0.3503838777542114,1638693045.0,0.20090191066265106,yqlpb2fx,46,16,31,698,0.27943807657161623,,0.16842421889305115,0,,,medium,adam,0.7048820155758271,0.04161466721555888,1.1999101201504174,,,
4,0.526046872138977,4.0,,0.6390331983566284,40.0,0.18172818422317505,10,0.34160929918289185,1638693051.0,0.18172821402549744,yqlpb2fx,46,16,31,698,0.27943807657161623,,0.16842421889305115,0,,,medium,adam,0.7048820155758271,0.04161466721555888,1.1999101201504174,,,
5,0.4680089056491852,5.0,,0.4746302664279938,47.0,0.2036515176296234,10,0.3559724986553192,1638693058.0,0.2036515176296234,yqlpb2fx,46,16,31,698,0.27943807657161623,,0.16842421889305115,0,,,medium,adam,0.7048820155758271,0.04161466721555888,1.1999101201504174,,,
6,0.456265389919281,6.0,,0.43746861815452576,53.0,0.20765984058380127,10,0.35732850432395935,1638693064.0,0.20765984058380127,yqlpb2fx,46,16,31,698,0.27943807657161623,,0.16842421889305115,0,,,medium,adam,0.7048820155758271,0.04161466721555888,1.1999101201504174,,,
7,0.41389045119285583,7.0,,0.3605891764163971,59.0,0.2191888988018036,10,0.36706119775772095,1638693070.0,0.2191888988018036,yqlpb2fx,46,16,31,698,0.27943807657161623,,0.16842421889305115,0,,,medium,adam,0.7048820155758271,0.04161466721555888,1.1999101201504174,,,
8,0.39460131525993347,8.0,,0.33580315113067627,65.0,0.2244367152452469,10,0.37092047929763794,1638693076.0,0.2244367152452469,yqlpb2fx,46,16,31,698,0.27943807657161623,,0.16842421889305115,0,,,medium,adam,0.7048820155758271,0.04161466721555888,1.1999101201504174,,,
9,0.3775959610939026,9.0,,0.30466219782829285,72.0,0.2380038946866989,10,0.3804607093334198,1638693083.0,0.2380038946866989,yqlpb2fx,46,16,31,698,0.27943807657161623,,0.16842421889305115,0,,,medium,adam,0.7048820155758271,0.04161466721555888,1.1999101201504174,,,
10,0.3773839473724365,10.0,,0.3060550093650818,79.0,0.24061846733093262,10,0.38175520300865173,1638693090.0,0.24061846733093262,yqlpb2fx,46,16,31,698,0.27943807657161623,,0.16842421889305115,0,,,medium,adam,0.7048820155758271,0.04161466721555888,1.1999101201504174,,,
0,0.714863121509552,0.0,,0.9976192712783813,13.0,0.16492889821529388,19,0.31951403617858887,1638687262.0,0.16492889821529388,wtegogm7,118,16,10,332,0.27987204782380737,,0.13277949392795563,9,,,simple,adam,0.7940015095373636,0.029778081230828687,0.352817498686026,,,
1,0.6391705870628357,1.0,,0.8511108160018921,15.0,0.1646682471036911,19,0.31615450978279114,1638687264.0,0.1646682471036911,wtegogm7,118,16,10,332,0.27987204782380737,,0.13277949392795563,9,,,simple,adam,0.7940015095373636,0.029778081230828687,0.352817498686026,,,
2,0.5785273909568787,2.0,,0.6607812643051147,17.0,0.14733144640922546,19,0.2983839213848114,1638687266.0,0.14733144640922546,wtegogm7,118,16,10,332,0.27987204782380737,,0.13277949392795563,9,,,simple,adam,0.7940015095373636,0.029778081230828687,0.352817498686026,,,
3,0.5539136528968811,3.0,,0.6121553778648376,19.0,0.13815772533416748,19,0.2856590151786804,1638687268.0,0.13815772533416748,wtegogm7,118,16,10,332,0.27987204782380737,,0.13277949392795563,9,,,simple,adam,0.7940015095373636,0.029778081230828687,0.352817498686026,,,
4,0.5323442816734314,4.0,,0.5724835991859436,20.0,0.13889111578464508,19,0.28823986649513245,1638687269.0,0.13889111578464508,wtegogm7,118,16,10,332,0.27987204782380737,,0.13277949392795563,9,,,simple,adam,0.7940015095373636,0.029778081230828687,0.352817498686026,,,
5,0.5266860723495483,5.0,,0.566222071647644,22.0,0.13492514193058014,19,0.28053855895996094,1638687271.0,0.13492514193058014,wtegogm7,118,16,10,332,0.27987204782380737,,0.13277949392795563,9,,,simple,adam,0.7940015095373636,0.029778081230828687,0.352817498686026,,,
6,0.5212815403938293,6.0,,0.5600591897964478,23.0,0.13956204056739807,19,0.28908640146255493,1638687272.0,0.13956204056739807,wtegogm7,118,16,10,332,0.27987204782380737,,0.13277949392795563,9,,,simple,adam,0.7940015095373636,0.029778081230828687,0.352817498686026,,,
7,0.5114222764968872,7.0,,0.5453042387962341,25.0,0.13428284227848053,19,0.2780279517173767,1638687274.0,0.13428284227848053,wtegogm7,118,16,10,332,0.27987204782380737,,0.13277949392795563,9,,,simple,adam,0.7940015095373636,0.029778081230828687,0.352817498686026,,,
8,0.49513739347457886,8.0,,0.5077497959136963,27.0,0.13527821004390717,19,0.28459885716438293,1638687276.0,0.13527821004390717,wtegogm7,118,16,10,332,0.27987204782380737,,0.13277949392795563,9,,,simple,adam,0.7940015095373636,0.029778081230828687,0.352817498686026,,,
9,0.47430557012557983,9.0,,0.4722503125667572,28.0,0.13277949392795563,19,0.27659884095191956,1638687277.0,0.13277949392795563,wtegogm7,118,16,10,332,0.27987204782380737,,0.13277949392795563,9,,,simple,adam,0.7940015095373636,0.029778081230828687,0.352817498686026,,,
10,0.47154513001441956,10.0,,0.4748803377151489,30.0,0.13606272637844086,19,0.28588613867759705,1638687279.0,0.13606272637844086,wtegogm7,118,16,10,332,0.27987204782380737,,0.13277949392795563,9,,,simple,adam,0.7940015095373636,0.029778081230828687,0.352817498686026,,,
11,0.46723508834838867,11.0,,0.4634193778038025,32.0,0.13555724918842316,19,0.2777119576931,1638687281.0,0.13555724918842316,wtegogm7,118,16,10,332,0.27987204782380737,,0.13277949392795563,9,,,simple,adam,0.7940015095373636,0.029778081230828687,0.352817498686026,,,
12,0.458630234003067,12.0,,0.4376256465911865,34.0,0.13577929139137268,19,0.2849526107311249,1638687283.0,0.13577929139137268,wtegogm7,118,16,10,332,0.27987204782380737,,0.13277949392795563,9,,,simple,adam,0.7940015095373636,0.029778081230828687,0.352817498686026,,,
13,0.4375952184200287,13.0,,0.40094467997550964,35.0,0.13514475524425507,19,0.27919337153434753,1638687284.0,0.13514475524425507,wtegogm7,118,16,10,332,0.27987204782380737,,0.13277949392795563,9,,,simple,adam,0.7940015095373636,0.029778081230828687,0.352817498686026,,,
14,0.4290468692779541,14.0,,0.384400874376297,37.0,0.13314509391784668,19,0.27949658036231995,1638687286.0,0.13314509391784668,wtegogm7,118,16,10,332,0.27987204782380737,,0.13277949392795563,9,,,simple,adam,0.7940015095373636,0.029778081230828687,0.352817498686026,,,
15,0.4261278212070465,15.0,,0.37902921438217163,38.0,0.13299033045768738,19,0.276581346988678,1638687287.0,0.13299033045768738,wtegogm7,118,16,10,332,0.27987204782380737,,0.13277949392795563,9,,,simple,adam,0.7940015095373636,0.029778081230828687,0.352817498686026,,,
16,0.4092523157596588,16.0,,0.346147358417511,40.0,0.1344960331916809,19,0.28255802392959595,1638687289.0,0.1344960331916809,wtegogm7,118,16,10,332,0.27987204782380737,,0.13277949392795563,9,,,simple,adam,0.7940015095373636,0.029778081230828687,0.352817498686026,,,
17,0.41275474429130554,17.0,,0.359744668006897,41.0,0.13582700490951538,19,0.2778019905090332,1638687290.0,0.13582700490951538,wtegogm7,118,16,10,332,0.27987204782380737,,0.13277949392795563,9,,,simple,adam,0.7940015095373636,0.029778081230828687,0.352817498686026,,,
18,0.4001590311527252,18.0,,0.3401850759983063,43.0,0.13639181852340698,19,0.28482741117477417,1638687292.0,0.13639181852340698,wtegogm7,118,16,10,332,0.27987204782380737,,0.13277949392795563,9,,,simple,adam,0.7940015095373636,0.029778081230828687,0.352817498686026,,,
19,0.40446168184280396,19.0,,0.35185179114341736,45.0,0.13898463547229767,19,0.280405193567276,1638687294.0,0.13898463547229767,wtegogm7,118,16,10,332,0.27987204782380737,,0.13277949392795563,9,,,simple,adam,0.7940015095373636,0.029778081230828687,0.352817498686026,,,
0,0.859147310256958,0.0,,1.209800362586975,11.0,0.36103925108909607,11,0.4687540829181671,1638680237.0,0.36103925108909607,n0uj2w48,60,16,11,534,0.42011548269925225,,0.29658347368240356,1,,,advanced,adam,0.7231139809559204,0.016443886591040516,0.7074647378076594,,,
1,0.5716012120246887,1.0,,0.5283489227294922,12.0,0.29658347368240356,11,0.43215808272361755,1638680238.0,0.29658347368240356,n0uj2w48,60,16,11,534,0.42011548269925225,,0.29658347368240356,1,,,advanced,adam,0.7231139809559204,0.016443886591040516,0.7074647378076594,,,
2,0.4558241069316864,2.0,,0.34638285636901855,15.0,0.30989158153533936,11,0.4445114731788635,1638680241.0,0.30989158153533936,n0uj2w48,60,16,11,534,0.42011548269925225,,0.29658347368240356,1,,,advanced,adam,0.7231139809559204,0.016443886591040516,0.7074647378076594,,,
3,0.412015438079834,3.0,,0.27316173911094666,16.0,0.3389085531234741,11,0.4690322279930115,1638680242.0,0.3389085531234741,n0uj2w48,60,16,11,534,0.42011548269925225,,0.29658347368240356,1,,,advanced,adam,0.7231139809559204,0.016443886591040516,0.7074647378076594,,,
4,0.37284380197525024,4.0,,0.22187335789203644,18.0,0.3874909579753876,11,0.4979625642299652,1638680244.0,0.3874909579753876,n0uj2w48,60,16,11,534,0.42011548269925225,,0.29658347368240356,1,,,advanced,adam,0.7231139809559204,0.016443886591040516,0.7074647378076594,,,
5,0.35398584604263306,5.0,,0.1969444900751114,20.0,0.4114382863044739,11,0.49879956245422363,1638680246.0,0.4114382863044739,n0uj2w48,60,16,11,534,0.42011548269925225,,0.29658347368240356,1,,,advanced,adam,0.7231139809559204,0.016443886591040516,0.7074647378076594,,,
6,0.32636019587516785,6.0,,0.17441706359386444,22.0,0.41592609882354736,11,0.49046146869659424,1638680248.0,0.41592609882354736,n0uj2w48,60,16,11,534,0.42011548269925225,,0.29658347368240356,1,,,advanced,adam,0.7231139809559204,0.016443886591040516,0.7074647378076594,,,
7,0.31175696849823,7.0,,0.15566818416118622,24.0,0.43044620752334595,11,0.5002606511116028,1638680250.0,0.43044620752334595,n0uj2w48,60,16,11,534,0.42011548269925225,,0.29658347368240356,1,,,advanced,adam,0.7231139809559204,0.016443886591040516,0.7074647378076594,,,
8,0.308992475271225,8.0,,0.15910007059574127,26.0,0.37792283296585083,11,0.471100777387619,1638680252.0,0.37792283296585083,n0uj2w48,60,16,11,534,0.42011548269925225,,0.29658347368240356,1,,,advanced,adam,0.7231139809559204,0.016443886591040516,0.7074647378076594,,,
9,0.3458419442176819,9.0,,0.1896224319934845,28.0,0.43817630410194397,11,0.5040699243545532,1638680254.0,0.43817630410194397,n0uj2w48,60,16,11,534,0.42011548269925225,,0.29658347368240356,1,,,advanced,adam,0.7231139809559204,0.016443886591040516,0.7074647378076594,,,
10,0.36926040053367615,10.0,,0.2184678018093109,30.0,0.4504697024822235,11,0.5429835915565491,1638680256.0,0.4504697024822235,n0uj2w48,60,16,11,534,0.42011548269925225,,0.29658347368240356,1,,,advanced,adam,0.7231139809559204,0.016443886591040516,0.7074647378076594,,,
11,0.37882187962532043,11.0,,0.22559642791748047,32.0,0.46152186393737793,11,0.5465899705886841,1638680258.0,0.46152186393737793,n0uj2w48,60,16,11,534,0.42011548269925225,,0.29658347368240356,1,,,advanced,adam,0.7231139809559204,0.016443886591040516,0.7074647378076594,,,
0,0.7849961519241333,0.0,,1.2745085954666138,17.0,0.1556004136800766,15,0.3028665781021118,1638672457.0,0.1556004136800766,zrgcjnh4,31,16,30,498,0.40721869729643945,,0.1406075805425644,5,,,simple,adam,0.818531649016995,0.02015613091747079,1.4519876184937015,,,
1,0.660116970539093,1.0,,0.8664162158966064,27.0,0.15624447166919708,15,0.30050593614578247,1638672467.0,0.15624447166919708,zrgcjnh4,31,16,30,498,0.40721869729643945,,0.1406075805425644,5,,,simple,adam,0.818531649016995,0.02015613091747079,1.4519876184937015,,,
2,0.6715520024299622,2.0,,1.0224777460098267,34.0,0.144746333360672,15,0.28947487473487854,1638672474.0,0.144746333360672,zrgcjnh4,31,16,30,498,0.40721869729643945,,0.1406075805425644,5,,,simple,adam,0.818531649016995,0.02015613091747079,1.4519876184937015,,,
3,0.6096605658531189,3.0,,0.8019588589668274,42.0,0.14433860778808594,15,0.28610968589782715,1638672482.0,0.14433860778808594,zrgcjnh4,31,16,30,498,0.40721869729643945,,0.1406075805425644,5,,,simple,adam,0.818531649016995,0.02015613091747079,1.4519876184937015,,,
4,0.569117546081543,4.0,,0.6519805192947388,50.0,0.1533598005771637,15,0.29564741253852844,1638672490.0,0.1533598005771637,zrgcjnh4,31,16,30,498,0.40721869729643945,,0.1406075805425644,5,,,simple,adam,0.818531649016995,0.02015613091747079,1.4519876184937015,,,
5,0.5589866042137146,5.0,,0.6417537927627563,57.0,0.1406075805425644,15,0.282440721988678,1638672497.0,0.1406075805425644,zrgcjnh4,31,16,30,498,0.40721869729643945,,0.1406075805425644,5,,,simple,adam,0.818531649016995,0.02015613091747079,1.4519876184937015,,,
6,0.569574773311615,6.0,,0.698150098323822,65.0,0.15625953674316406,15,0.2980646789073944,1638672505.0,0.15625953674316406,zrgcjnh4,31,16,30,498,0.40721869729643945,,0.1406075805425644,5,,,simple,adam,0.818531649016995,0.02015613091747079,1.4519876184937015,,,
7,0.5273536443710327,7.0,,0.5574843883514404,73.0,0.1428888440132141,15,0.285610556602478,1638672513.0,0.1428888440132141,zrgcjnh4,31,16,30,498,0.40721869729643945,,0.1406075805425644,5,,,simple,adam,0.818531649016995,0.02015613091747079,1.4519876184937015,,,
8,0.49972182512283325,8.0,,0.5182072520256042,81.0,0.15676802396774292,15,0.300148069858551,1638672521.0,0.15676802396774292,zrgcjnh4,31,16,30,498,0.40721869729643945,,0.1406075805425644,5,,,simple,adam,0.818531649016995,0.02015613091747079,1.4519876184937015,,,
9,0.4940148890018463,9.0,,0.48368367552757263,89.0,0.14460454881191254,15,0.2875267565250397,1638672529.0,0.14460454881191254,zrgcjnh4,31,16,30,498,0.40721869729643945,,0.1406075805425644,5,,,simple,adam,0.818531649016995,0.02015613091747079,1.4519876184937015,,,
10,0.47134700417518616,10.0,,0.4561481177806854,98.0,0.1570611596107483,15,0.3001862168312073,1638672538.0,0.1570611596107483,zrgcjnh4,31,16,30,498,0.40721869729643945,,0.1406075805425644,5,,,simple,adam,0.818531649016995,0.02015613091747079,1.4519876184937015,,,
11,0.4534091353416443,11.0,,0.4252318739891052,107.0,0.14441464841365814,15,0.2877439856529236,1638672547.0,0.14441464841365814,zrgcjnh4,31,16,30,498,0.40721869729643945,,0.1406075805425644,5,,,simple,adam,0.818531649016995,0.02015613091747079,1.4519876184937015,,,
12,0.4505489468574524,12.0,,0.42471185326576233,115.0,0.15483829379081726,15,0.2986915111541748,1638672555.0,0.15483829379081726,zrgcjnh4,31,16,30,498,0.40721869729643945,,0.1406075805425644,5,,,simple,adam,0.818531649016995,0.02015613091747079,1.4519876184937015,,,
13,0.44352179765701294,13.0,,0.4065326750278473,124.0,0.14410024881362915,15,0.28634634613990784,1638672564.0,0.14410024881362915,zrgcjnh4,31,16,30,498,0.40721869729643945,,0.1406075805425644,5,,,simple,adam,0.818531649016995,0.02015613091747079,1.4519876184937015,,,
14,0.4332316517829895,14.0,,0.3892649710178375,132.0,0.14752472937107086,15,0.29172733426094055,1638672572.0,0.14752472937107086,zrgcjnh4,31,16,30,498,0.40721869729643945,,0.1406075805425644,5,,,simple,adam,0.818531649016995,0.02015613091747079,1.4519876184937015,,,
15,0.41372060775756836,15.0,,0.3533499240875244,141.0,0.15041156113147736,15,0.2933681607246399,1638672581.0,0.15041156113147736,zrgcjnh4,31,16,30,498,0.40721869729643945,,0.1406075805425644,5,,,simple,adam,0.818531649016995,0.02015613091747079,1.4519876184937015,,,
0,0.7943527102470398,0.0,,1.4312249422073364,11.0,0.1639254093170166,19,0.3001064658164978,1638664696.0,0.1639254093170166,lsqek4qn,52,16,12,285,0.47948281805210646,,0.1131311058998108,9,,,simple,adam,0.8576031333964713,0.039690841322373126,0.1043239451423056,,,
1,0.6557584404945374,1.0,,0.8586205840110779,13.0,0.15567302703857422,19,0.29104748368263245,1638664698.0,0.15567302703857422,lsqek4qn,52,16,12,285,0.47948281805210646,,0.1131311058998108,9,,,simple,adam,0.8576031333964713,0.039690841322373126,0.1043239451423056,,,
2,0.6156063079833984,2.0,,0.7670412063598633,16.0,0.1369744837284088,19,0.2767254114151001,1638664701.0,0.1369744837284088,lsqek4qn,52,16,12,285,0.47948281805210646,,0.1131311058998108,9,,,simple,adam,0.8576031333964713,0.039690841322373126,0.1043239451423056,,,
3,0.5841184258460999,3.0,,0.7183578014373779,19.0,0.1321503072977066,19,0.2728530466556549,1638664704.0,0.1321503072977066,lsqek4qn,52,16,12,285,0.47948281805210646,,0.1131311058998108,9,,,simple,adam,0.8576031333964713,0.039690841322373126,0.1043239451423056,,,
4,0.5624359250068665,4.0,,0.6503176093101501,21.0,0.12679637968540192,19,0.2702923119068146,1638664706.0,0.12679637968540192,lsqek4qn,52,16,12,285,0.47948281805210646,,0.1131311058998108,9,,,simple,adam,0.8576031333964713,0.039690841322373126,0.1043239451423056,,,
5,0.5372191071510315,5.0,,0.5705932974815369,24.0,0.12173325568437576,19,0.2659766376018524,1638664709.0,0.12173325568437576,lsqek4qn,52,16,12,285,0.47948281805210646,,0.1131311058998108,9,,,simple,adam,0.8576031333964713,0.039690841322373126,0.1043239451423056,,,
6,0.5148652791976929,6.0,,0.5195954442024231,26.0,0.12079504877328873,19,0.2680681645870209,1638664711.0,0.12079504877328873,lsqek4qn,52,16,12,285,0.47948281805210646,,0.1131311058998108,9,,,simple,adam,0.8576031333964713,0.039690841322373126,0.1043239451423056,,,
7,0.49085474014282227,7.0,,0.4549236595630646,29.0,0.11569328606128693,19,0.2644541561603546,1638664714.0,0.11569328606128693,lsqek4qn,52,16,12,285,0.47948281805210646,,0.1131311058998108,9,,,simple,adam,0.8576031333964713,0.039690841322373126,0.1043239451423056,,,
8,0.48207154870033264,8.0,,0.47537216544151306,31.0,0.12261321395635605,19,0.27241528034210205,1638664716.0,0.12261321395635605,lsqek4qn,52,16,12,285,0.47948281805210646,,0.1131311058998108,9,,,simple,adam,0.8576031333964713,0.039690841322373126,0.1043239451423056,,,
9,0.4723084270954132,9.0,,0.4338849186897278,34.0,0.11313110589981079,19,0.26606684923171997,1638664719.0,0.11313110589981079,lsqek4qn,52,16,12,285,0.47948281805210646,,0.1131311058998108,9,,,simple,adam,0.8576031333964713,0.039690841322373126,0.1043239451423056,,,
10,0.47014155983924866,10.0,,0.4560791850090027,37.0,0.12411274760961533,19,0.2750639021396637,1638664722.0,0.12411274760961533,lsqek4qn,52,16,12,285,0.47948281805210646,,0.1131311058998108,9,,,simple,adam,0.8576031333964713,0.039690841322373126,0.1043239451423056,,,
11,0.4558923840522766,11.0,,0.41109198331832886,39.0,0.11598804593086243,19,0.2712518870830536,1638664724.0,0.11598804593086243,lsqek4qn,52,16,12,285,0.47948281805210646,,0.1131311058998108,9,,,simple,adam,0.8576031333964713,0.039690841322373126,0.1043239451423056,,,
12,0.46235769987106323,12.0,,0.41666245460510254,42.0,0.12304741889238358,19,0.27654433250427246,1638664727.0,0.12304741889238358,lsqek4qn,52,16,12,285,0.47948281805210646,,0.1131311058998108,9,,,simple,adam,0.8576031333964713,0.039690841322373126,0.1043239451423056,,,
13,0.42896395921707153,13.0,,0.34769079089164734,44.0,0.11469275504350662,19,0.2694070041179657,1638664729.0,0.11469275504350662,lsqek4qn,52,16,12,285,0.47948281805210646,,0.1131311058998108,9,,,simple,adam,0.8576031333964713,0.039690841322373126,0.1043239451423056,,,
14,0.4204273819923401,14.0,,0.3295588493347168,47.0,0.11914453655481339,19,0.2752285599708557,1638664732.0,0.11914455145597458,lsqek4qn,52,16,12,285,0.47948281805210646,,0.1131311058998108,9,,,simple,adam,0.8576031333964713,0.039690841322373126,0.1043239451423056,,,
15,0.39989495277404785,15.0,,0.3203034996986389,49.0,0.11907883733510971,19,0.2759092152118683,1638664734.0,0.11907883733510971,lsqek4qn,52,16,12,285,0.47948281805210646,,0.1131311058998108,9,,,simple,adam,0.8576031333964713,0.039690841322373126,0.1043239451423056,,,
16,0.3909079134464264,16.0,,0.2880620062351227,52.0,0.12114465981721878,19,0.2779354453086853,1638664737.0,0.12114465981721878,lsqek4qn,52,16,12,285,0.47948281805210646,,0.1131311058998108,9,,,simple,adam,0.8576031333964713,0.039690841322373126,0.1043239451423056,,,
17,0.3864556849002838,17.0,,0.29039475321769714,54.0,0.12033811211585999,19,0.2783035933971405,1638664739.0,0.12033811211585999,lsqek4qn,52,16,12,285,0.47948281805210646,,0.1131311058998108,9,,,simple,adam,0.8576031333964713,0.039690841322373126,0.1043239451423056,,,
18,0.3730430006980896,18.0,,0.2755398452281952,56.0,0.12532247602939606,19,0.28248828649520874,1638664741.0,0.12532247602939606,lsqek4qn,52,16,12,285,0.47948281805210646,,0.1131311058998108,9,,,simple,adam,0.8576031333964713,0.039690841322373126,0.1043239451423056,,,
19,0.3780347406864166,19.0,,0.2733214497566223,59.0,0.11726357787847519,19,0.27584171295166016,1638664744.0,0.11726357787847519,lsqek4qn,52,16,12,285,0.47948281805210646,,0.1131311058998108,9,,,simple,adam,0.8576031333964713,0.039690841322373126,0.1043239451423056,,,
0,NaN,0.0,,NaN,19.0,NaN,9,NaN,1638663600.0,NaN,kgztgx2t,61,16,37,128,0.2,,,,,,simple,sdg,0.8,0.01,0.15,,,
1,NaN,1.0,,NaN,30.0,NaN,9,NaN,1638663611.0,NaN,kgztgx2t,61,16,37,128,0.2,,,,,,simple,sdg,0.8,0.01,0.15,,,
2,NaN,2.0,,NaN,41.0,NaN,9,NaN,1638663622.0,NaN,kgztgx2t,61,16,37,128,0.2,,,,,,simple,sdg,0.8,0.01,0.15,,,
3,NaN,3.0,,NaN,52.0,NaN,9,NaN,1638663633.0,NaN,kgztgx2t,61,16,37,128,0.2,,,,,,simple,sdg,0.8,0.01,0.15,,,
4,NaN,4.0,,NaN,64.0,NaN,9,NaN,1638663645.0,NaN,kgztgx2t,61,16,37,128,0.2,,,,,,simple,sdg,0.8,0.01,0.15,,,
5,NaN,5.0,,NaN,76.0,NaN,9,NaN,1638663657.0,NaN,kgztgx2t,61,16,37,128,0.2,,,,,,simple,sdg,0.8,0.01,0.15,,,
6,NaN,6.0,,NaN,87.0,NaN,9,NaN,1638663668.0,NaN,kgztgx2t,61,16,37,128,0.2,,,,,,simple,sdg,0.8,0.01,0.15,,,
7,NaN,7.0,,NaN,98.0,NaN,9,NaN,1638663679.0,NaN,kgztgx2t,61,16,37,128,0.2,,,,,,simple,sdg,0.8,0.01,0.15,,,
8,NaN,8.0,,NaN,109.0,NaN,9,NaN,1638663690.0,NaN,kgztgx2t,61,16,37,128,0.2,,,,,,simple,sdg,0.8,0.01,0.15,,,
9,NaN,9.0,,NaN,120.0,NaN,9,NaN,1638663701.0,NaN,kgztgx2t,61,16,37,128,0.2,,,,,,simple,sdg,0.8,0.01,0.15,,,
0,0.7187559604644775,0.0,,0.8110597133636475,13.0,4.933734893798828,17,1.867440104484558,1638662970.0,4.933735370635986,cndaph04,48,16,19,256,0.5,,0.07958578318357468,7,,,advanced,adam,0.8,0.0,0.35,,,
1,1.241013526916504,1.0,,2.4330391883850098,14.0,1.769147276878357,17,1.2553216218948364,1638662971.0,1.769147276878357,cndaph04,48,16,19,256,0.5,,0.07958578318357468,7,,,advanced,adam,0.8,0.0,0.35,,,
2,0.8528193235397339,2.0,,1.2769891023635864,15.0,0.429768443107605,17,0.5299813151359558,1638662972.0,0.429768443107605,cndaph04,48,16,19,256,0.5,,0.07958578318357468,7,,,advanced,adam,0.8,0.0,0.35,,,
3,1.0699882507324219,3.0,,1.7671430110931396,15.0,0.6760205030441284,17,0.7041521072387695,1638662972.0,0.6760205030441284,cndaph04,48,16,19,256,0.5,,0.07958578318357468,7,,,advanced,adam,0.8,0.0,0.35,,,
4,0.6903577446937561,4.0,,0.7092302441596985,16.0,0.10317588597536087,17,0.2684760093688965,1638662973.0,0.10317588597536087,cndaph04,48,16,19,256,0.5,,0.07958578318357468,7,,,advanced,adam,0.8,0.0,0.35,,,
5,0.7492600679397583,5.0,,1.213610053062439,17.0,0.12261411547660828,17,0.27104127407073975,1638662974.0,0.12261411547660828,cndaph04,48,16,19,256,0.5,,0.07958578318357468,7,,,advanced,adam,0.8,0.0,0.35,,,
6,0.7759864926338196,6.0,,0.9808817505836487,17.0,0.18639960885047913,17,0.33602070808410645,1638662974.0,0.18639960885047913,cndaph04,48,16,19,256,0.5,,0.07958578318357468,7,,,advanced,adam,0.8,0.0,0.35,,,
7,0.7533361911773682,7.0,,1.0261880159378052,18.0,0.07958578318357468,17,0.22682756185531616,1638662975.0,0.07958578318357468,cndaph04,48,16,19,256,0.5,,0.07958578318357468,7,,,advanced,adam,0.8,0.0,0.35,,,
8,0.632000744342804,8.0,,0.7247158885002136,19.0,0.10107355564832687,17,0.2606312930583954,1638662976.0,0.10107355564832687,cndaph04,48,16,19,256,0.5,,0.07958578318357468,7,,,advanced,adam,0.8,0.0,0.35,,,
9,0.5800256729125977,9.0,,0.5429494976997375,19.0,0.21979376673698425,17,0.3742680847644806,1638662976.0,0.21979376673698425,cndaph04,48,16,19,256,0.5,,0.07958578318357468,7,,,advanced,adam,0.8,0.0,0.35,,,
10,0.5136875510215759,10.0,,0.4894694685935974,20.0,0.11824703961610794,17,0.29955124855041504,1638662977.0,0.11824703961610794,cndaph04,48,16,19,256,0.5,,0.07958578318357468,7,,,advanced,adam,0.8,0.0,0.35,,,
11,0.4454687237739563,11.0,,0.43266192078590393,21.0,0.12046924978494644,17,0.27089664340019226,1638662978.0,0.12046924978494644,cndaph04,48,16,19,256,0.5,,0.07958578318357468,7,,,advanced,adam,0.8,0.0,0.35,,,
12,0.47540420293807983,12.0,,0.4210822880268097,21.0,0.12175528705120087,17,0.29998719692230225,1638662978.0,0.12175528705120087,cndaph04,48,16,19,256,0.5,,0.07958578318357468,7,,,advanced,adam,0.8,0.0,0.35,,,
13,0.5102729201316833,13.0,,0.45969080924987793,22.0,0.09326425194740295,17,0.2303180694580078,1638662979.0,0.09326425194740295,cndaph04,48,16,19,256,0.5,,0.07958578318357468,7,,,advanced,adam,0.8,0.0,0.35,,,
14,0.45718368887901306,14.0,,0.33242809772491455,23.0,0.09232138842344284,17,0.25109362602233887,1638662980.0,0.09232138842344284,cndaph04,48,16,19,256,0.5,,0.07958578318357468,7,,,advanced,adam,0.8,0.0,0.35,,,
15,0.32952988147735596,15.0,,0.1794135868549347,23.0,0.08848434686660767,17,0.24578005075454712,1638662980.0,0.08848434686660767,cndaph04,48,16,19,256,0.5,,0.07958578318357468,7,,,advanced,adam,0.8,0.0,0.35,,,
16,0.29823926091194153,16.0,,0.14422477781772614,24.0,0.09363497793674469,17,0.24076102674007416,1638662981.0,0.09363497793674469,cndaph04,48,16,19,256,0.5,,0.07958578318357468,7,,,advanced,adam,0.8,0.0,0.35,,,
17,0.29864829778671265,17.0,,0.15506085753440857,25.0,0.08188974857330322,17,0.23348547518253326,1638662982.0,0.08188974857330322,cndaph04,48,16,19,256,0.5,,0.07958578318357468,7,,,advanced,adam,0.8,0.0,0.35,,,
0,0.8513727188110352,0.0,,1.1728781461715698,12.0,6.684781074523926,99,2.56040620803833,1638662845.0,6.684781074523926,rk3s6j3j,57,16,26,128,0.5,,0.21138489246368408,99,,,simple,sdg,0.8,0.0,0.7,,,
1,0.8218448162078857,1.0,,1.0775078535079956,13.0,5.982606887817383,99,2.4192416667938232,1638662846.0,5.982606887817383,rk3s6j3j,57,16,26,128,0.5,,0.21138489246368408,99,,,simple,sdg,0.8,0.0,0.7,,,
2,0.7846161127090454,2.0,,0.9778872132301331,13.0,5.3660078048706055,99,2.2881274223327637,1638662846.0,5.3660078048706055,rk3s6j3j,57,16,26,128,0.5,,0.21138489246368408,99,,,simple,sdg,0.8,0.0,0.7,,,
3,0.7536141276359558,3.0,,0.898658812046051,14.0,4.808323860168457,99,2.1627676486968994,1638662847.0,4.808323860168457,rk3s6j3j,57,16,26,128,0.5,,0.21138489246368408,99,,,simple,sdg,0.8,0.0,0.7,,,
4,0.7310198545455933,4.0,,0.8281557559967041,15.0,4.325826168060303,99,2.0482351779937744,1638662848.0,4.325826168060303,rk3s6j3j,57,16,26,128,0.5,,0.21138489246368408,99,,,simple,sdg,0.8,0.0,0.7,,,
5,0.7069547772407532,5.0,,0.7682909965515137,16.0,3.890523672103882,99,1.9391921758651733,1638662849.0,3.890523672103882,rk3s6j3j,57,16,26,128,0.5,,0.21138489246368408,99,,,simple,sdg,0.8,0.0,0.7,,,
6,0.6815416812896729,6.0,,0.7069559693336487,16.0,3.510530471801758,99,1.8388060331344604,1638662849.0,3.5105302333831787,rk3s6j3j,57,16,26,128,0.5,,0.21138489246368408,99,,,simple,sdg,0.8,0.0,0.7,,,
7,0.668878972530365,7.0,,0.6719040274620056,17.0,3.1701841354370117,99,1.7440670728683472,1638662850.0,3.1701841354370117,rk3s6j3j,57,16,26,128,0.5,,0.21138489246368408,99,,,simple,sdg,0.8,0.0,0.7,,,
8,0.6445528268814087,8.0,,0.6312692165374756,18.0,2.872802972793579,99,1.656908392906189,1638662851.0,2.872802972793579,rk3s6j3j,57,16,26,128,0.5,,0.21138489246368408,99,,,simple,sdg,0.8,0.0,0.7,,,
9,0.6315085291862488,9.0,,0.5963158011436462,19.0,2.6080501079559326,99,1.5752967596054077,1638662852.0,2.6080501079559326,rk3s6j3j,57,16,26,128,0.5,,0.21138489246368408,99,,,simple,sdg,0.8,0.0,0.7,,,
10,0.607042670249939,10.0,,0.556210458278656,20.0,2.3820297718048096,99,1.502137541770935,1638662853.0,2.3820297718048096,rk3s6j3j,57,16,26,128,0.5,,0.21138489246368408,99,,,simple,sdg,0.8,0.0,0.7,,,
11,0.6039290428161621,11.0,,0.5416241884231567,21.0,2.17474365234375,99,1.4317768812179565,1638662854.0,2.17474365234375,rk3s6j3j,57,16,26,128,0.5,,0.21138489246368408,99,,,simple,sdg,0.8,0.0,0.7,,,
12,0.5941274166107178,12.0,,0.528890073299408,22.0,1.9900461435317993,99,1.366055965423584,1638662855.0,1.9900461435317993,rk3s6j3j,57,16,26,128,0.5,,0.21138489246368408,99,,,simple,sdg,0.8,0.0,0.7,,,
13,0.5699615478515625,13.0,,0.4866896867752075,23.0,1.8307079076766968,99,1.3067386150360107,1638662856.0,1.8307079076766968,rk3s6j3j,57,16,26,128,0.5,,0.21138489246368408,99,,,simple,sdg,0.8,0.0,0.7,,,
14,0.565385639667511,14.0,,0.47742268443107605,24.0,1.6798992156982422,99,1.2480272054672241,1638662857.0,1.6798992156982422,rk3s6j3j,57,16,26,128,0.5,,0.21138489246368408,99,,,simple,sdg,0.8,0.0,0.7,,,
15,0.5459402203559875,15.0,,0.44822925329208374,25.0,1.5564008951187134,99,1.1977944374084473,1638662858.0,1.5564008951187134,rk3s6j3j,57,16,26,128,0.5,,0.21138489246368408,99,,,simple,sdg,0.8,0.0,0.7,,,
16,0.5500374436378479,16.0,,0.45257511734962463,25.0,1.4380831718444824,99,1.1476085186004639,1638662858.0,1.4380831718444824,rk3s6j3j,57,16,26,128,0.5,,0.21138489246368408,99,,,simple,sdg,0.8,0.0,0.7,,,
17,0.5299673080444336,17.0,,0.41753676533699036,26.0,1.3407809734344482,99,1.104668378829956,1638662859.0,1.3407809734344482,rk3s6j3j,57,16,26,128,0.5,,0.21138489246368408,99,,,simple,sdg,0.8,0.0,0.7,,,
18,0.5279697775840759,18.0,,0.4163043797016144,27.0,1.243704080581665,99,1.0600895881652832,1638662860.0,1.243704080581665,rk3s6j3j,57,16,26,128,0.5,,0.21138489246368408,99,,,simple,sdg,0.8,0.0,0.7,,,
19,0.5210536122322083,19.0,,0.3988250195980072,28.0,1.1616300344467163,99,1.0208979845046997,1638662861.0,1.1616300344467163,rk3s6j3j,57,16,26,128,0.5,,0.21138489246368408,99,,,simple,sdg,0.8,0.0,0.7,,,
20,0.5108492374420166,20.0,,0.39468133449554443,29.0,1.0875085592269897,99,0.9842677116394043,1638662862.0,1.0875085592269897,rk3s6j3j,57,16,26,128,0.5,,0.21138489246368408,99,,,simple,sdg,0.8,0.0,0.7,,,
21,0.5012297034263611,21.0,,0.37880194187164307,29.0,1.0221800804138184,99,0.9510521292686462,1638662862.0,1.0221800804138184,rk3s6j3j,57,16,26,128,0.5,,0.21138489246368408,99,,,simple,sdg,0.8,0.0,0.7,,,
22,0.4917961657047272,22.0,,0.36847391724586487,30.0,0.9631958603858948,99,0.9201043844223022,1638662863.0,0.9631958603858948,rk3s6j3j,57,16,26,128,0.5,,0.21138489246368408,99,,,simple,sdg,0.8,0.0,0.7,,,
23,0.49543166160583496,23.0,,0.3666765093803406,31.0,0.9052649140357971,99,0.8887683749198914,1638662864.0,0.9052649140357971,rk3s6j3j,57,16,26,128,0.5,,0.21138489246368408,99,,,simple,sdg,0.8,0.0,0.7,,,
24,0.4847222566604614,24.0,,0.35793986916542053,32.0,0.858574628829956,99,0.8628544211387634,1638662865.0,0.858574628829956,rk3s6j3j,57,16,26,128,0.5,,0.21138489246368408,99,,,simple,sdg,0.8,0.0,0.7,,,
25,0.4798694849014282,25.0,,0.34671953320503235,32.0,0.8108869194984436,99,0.835780680179596,1638662865.0,0.8108869194984436,rk3s6j3j,57,16,26,128,0.5,,0.21138489246368408,99,,,simple,sdg,0.8,0.0,0.7,,,
26,0.47988682985305786,26.0,,0.3499782681465149,33.0,0.7692880630493164,99,0.8118305802345276,1638662866.0,0.7692880630493164,rk3s6j3j,57,16,26,128,0.5,,0.21138489246368408,99,,,simple,sdg,0.8,0.0,0.7,,,
27,0.47634488344192505,27.0,,0.3461182713508606,34.0,0.7315800189971924,99,0.7896541953086853,1638662867.0,0.7315800189971924,rk3s6j3j,57,16,26,128,0.5,,0.21138489246368408,99,,,simple,sdg,0.8,0.0,0.7,,,
28,0.4701181650161743,28.0,,0.34043920040130615,35.0,0.6974886655807495,99,0.7691666483879089,1638662868.0,0.6974886655807495,rk3s6j3j,57,16,26,128,0.5,,0.21138489246368408,99,,,simple,sdg,0.8,0.0,0.7,,,
29,0.46536681056022644,29.0,,0.3377361595630646,35.0,0.6689144968986511,99,0.7516403794288635,1638662868.0,0.6689144968986511,rk3s6j3j,57,16,26,128,0.5,,0.21138489246368408,99,,,simple,sdg,0.8,0.0,0.7,,,
30,0.46175718307495117,30.0,,0.3297388553619385,36.0,0.6360979676246643,99,0.7312124967575073,1638662869.0,0.6360980272293091,rk3s6j3j,57,16,26,128,0.5,,0.21138489246368408,99,,,simple,sdg,0.8,0.0,0.7,,,
31,0.46328145265579224,31.0,,0.32598620653152466,37.0,0.6066824197769165,99,0.7125498056411743,1638662870.0,0.6066824197769165,rk3s6j3j,57,16,26,128,0.5,,0.21138489246368408,99,,,simple,sdg,0.8,0.0,0.7,,,
32,0.46111899614334106,32.0,,0.3277459144592285,38.0,0.5804211497306824,99,0.6954317688941956,1638662871.0,0.5804211497306824,rk3s6j3j,57,16,26,128,0.5,,0.21138489246368408,99,,,simple,sdg,0.8,0.0,0.7,,,
33,0.4583006799221039,33.0,,0.32357057929039,38.0,0.5563874840736389,99,0.6793580651283264,1638662871.0,0.5563874840736389,rk3s6j3j,57,16,26,128,0.5,,0.21138489246368408,99,,,simple,sdg,0.8,0.0,0.7,,,
34,0.4572755992412567,34.0,,0.32116517424583435,39.0,0.5331873893737793,99,0.663516640663147,1638662872.0,0.5331873893737793,rk3s6j3j,57,16,26,128,0.5,,0.21138489246368408,99,,,simple,sdg,0.8,0.0,0.7,,,
35,0.4506506621837616,35.0,,0.31376442313194275,40.0,0.5126309990882874,99,0.6491970419883728,1638662873.0,0.5126309990882874,rk3s6j3j,57,16,26,128,0.5,,0.21138489246368408,99,,,simple,sdg,0.8,0.0,0.7,,,
36,0.4526035487651825,36.0,,0.318297803401947,41.0,0.4938751757144928,99,0.6359021663665771,1638662874.0,0.4938751757144928,rk3s6j3j,57,16,26,128,0.5,,0.21138489246368408,99,,,simple,sdg,0.8,0.0,0.7,,,
37,0.44217732548713684,37.0,,0.31105706095695496,41.0,0.4756566882133484,99,0.6227318048477173,1638662874.0,0.4756566882133484,rk3s6j3j,57,16,26,128,0.5,,0.21138489246368408,99,,,simple,sdg,0.8,0.0,0.7,,,
38,0.4382728934288025,38.0,,0.3016076683998108,42.0,0.460804283618927,99,0.6119155287742615,1638662875.0,0.460804283618927,rk3s6j3j,57,16,26,128,0.5,,0.21138489246368408,99,,,simple,sdg,0.8,0.0,0.7,,,
39,0.43997442722320557,39.0,,0.3037314713001251,43.0,0.4466979205608368,99,0.6015365719795227,1638662876.0,0.4466979205608368,rk3s6j3j,57,16,26,128,0.5,,0.21138489246368408,99,,,simple,sdg,0.8,0.0,0.7,,,
40,0.4404458701610565,40.0,,0.3038116693496704,44.0,0.4333924949169159,99,0.5916144847869873,1638662877.0,0.4333924949169159,rk3s6j3j,57,16,26,128,0.5,,0.21138489246368408,99,,,simple,sdg,0.8,0.0,0.7,,,
41,0.44225409626960754,41.0,,0.3082242012023926,44.0,0.422505259513855,99,0.5834237337112427,1638662877.0,0.422505259513855,rk3s6j3j,57,16,26,128,0.5,,0.21138489246368408,99,,,simple,sdg,0.8,0.0,0.7,,,
42,0.43732962012290955,42.0,,0.30347681045532227,45.0,0.40959590673446655,99,0.573643684387207,1638662878.0,0.40959587693214417,rk3s6j3j,57,16,26,128,0.5,,0.21138489246368408,99,,,simple,sdg,0.8,0.0,0.7,,,
43,0.43569841980934143,43.0,,0.3008890450000763,46.0,0.39970847964286804,99,0.5660619139671326,1638662879.0,0.39970847964286804,rk3s6j3j,57,16,26,128,0.5,,0.21138489246368408,99,,,simple,sdg,0.8,0.0,0.7,,,
44,0.435242623090744,44.0,,0.30080515146255493,47.0,0.3886871635913849,99,0.557503342628479,1638662880.0,0.3886871635913849,rk3s6j3j,57,16,26,128,0.5,,0.21138489246368408,99,,,simple,sdg,0.8,0.0,0.7,,,
45,0.43221157789230347,45.0,,0.29803207516670227,47.0,0.37907060980796814,99,0.5499252676963806,1638662880.0,0.37907060980796814,rk3s6j3j,57,16,26,128,0.5,,0.21138489246368408,99,,,simple,sdg,0.8,0.0,0.7,,,
46,0.4281140863895416,46.0,,0.2907484471797943,48.0,0.3690287172794342,99,0.5419141054153442,1638662881.0,0.3690287172794342,rk3s6j3j,57,16,26,128,0.5,,0.21138489246368408,99,,,simple,sdg,0.8,0.0,0.7,,,
47,0.42734891176223755,47.0,,0.28683140873908997,49.0,0.36035144329071045,99,0.5348737835884094,1638662882.0,0.36035144329071045,rk3s6j3j,57,16,26,128,0.5,,0.21138489246368408,99,,,simple,sdg,0.8,0.0,0.7,,,
48,0.4298838973045349,48.0,,0.2992230951786041,50.0,0.3520545959472656,99,0.5280933380126953,1638662883.0,0.3520545959472656,rk3s6j3j,57,16,26,128,0.5,,0.21138489246368408,99,,,simple,sdg,0.8,0.0,0.7,,,
49,0.42191728949546814,49.0,,0.2954310178756714,50.0,0.34387925267219543,99,0.5213068723678589,1638662883.0,0.34387925267219543,rk3s6j3j,57,16,26,128,0.5,,0.21138489246368408,99,,,simple,sdg,0.8,0.0,0.7,,,
50,0.41602668166160583,50.0,,0.2793404459953308,51.0,0.3363243341445923,99,0.5149569511413574,1638662884.0,0.3363243341445923,rk3s6j3j,57,16,26,128,0.5,,0.21138489246368408,99,,,simple,sdg,0.8,0.0,0.7,,,
51,0.42358240485191345,51.0,,0.28930145502090454,51.0,0.3289749324321747,99,0.5086897611618042,1638662884.0,0.3289749324321747,rk3s6j3j,57,16,26,128,0.5,,0.21138489246368408,99,,,simple,sdg,0.8,0.0,0.7,,,
52,0.4220038056373596,52.0,,0.2889274060726166,52.0,0.3220841884613037,99,0.5027382969856262,1638662885.0,0.3220841884613037,rk3s6j3j,57,16,26,128,0.5,,0.21138489246368408,99,,,simple,sdg,0.8,0.0,0.7,,,
53,0.4249548316001892,53.0,,0.2852516174316406,53.0,0.31611964106559753,99,0.4975179135799408,1638662886.0,0.31611964106559753,rk3s6j3j,57,16,26,128,0.5,,0.21138489246368408,99,,,simple,sdg,0.8,0.0,0.7,,,
54,0.42582178115844727,54.0,,0.2945718765258789,54.0,0.3118762969970703,99,0.49379608035087585,1638662887.0,0.3118762969970703,rk3s6j3j,57,16,26,128,0.5,,0.21138489246368408,99,,,simple,sdg,0.8,0.0,0.7,,,
55,0.416392058134079,55.0,,0.2842366099357605,54.0,0.30583956837654114,99,0.4884241223335266,1638662887.0,0.30583956837654114,rk3s6j3j,57,16,26,128,0.5,,0.21138489246368408,99,,,simple,sdg,0.8,0.0,0.7,,,
56,0.4184863567352295,56.0,,0.2802729606628418,55.0,0.2994721233844757,99,0.4827091097831726,1638662888.0,0.2994721233844757,rk3s6j3j,57,16,26,128,0.5,,0.21138489246368408,99,,,simple,sdg,0.8,0.0,0.7,,,
57,0.41528481245040894,57.0,,0.27738282084465027,56.0,0.2965497076511383,99,0.48007678985595703,1638662889.0,0.2965497076511383,rk3s6j3j,57,16,26,128,0.5,,0.21138489246368408,99,,,simple,sdg,0.8,0.0,0.7,,,
58,0.405998170375824,58.0,,0.2696709930896759,57.0,0.29277005791664124,99,0.47663798928260803,1638662890.0,0.29277005791664124,rk3s6j3j,57,16,26,128,0.5,,0.21138489246368408,99,,,simple,sdg,0.8,0.0,0.7,,,
59,0.4094234108924866,59.0,,0.26994824409484863,57.0,0.288728803396225,99,0.4729483723640442,1638662890.0,0.288728803396225,rk3s6j3j,57,16,26,128,0.5,,0.21138489246368408,99,,,simple,sdg,0.8,0.0,0.7,,,
60,0.40579038858413696,60.0,,0.2685251832008362,58.0,0.2847709655761719,99,0.469316691160202,1638662891.0,0.2847709655761719,rk3s6j3j,57,16,26,128,0.5,,0.21138489246368408,99,,,simple,sdg,0.8,0.0,0.7,,,
61,0.406833678483963,61.0,,0.2708224356174469,59.0,0.2820834517478943,99,0.4668234586715698,1638662892.0,0.2820834517478943,rk3s6j3j,57,16,26,128,0.5,,0.21138489246368408,99,,,simple,sdg,0.8,0.0,0.7,,,
62,0.4157348871231079,62.0,,0.2787197232246399,59.0,0.2783339023590088,99,0.4633086323738098,1638662892.0,0.2783339023590088,rk3s6j3j,57,16,26,128,0.5,,0.21138489246368408,99,,,simple,sdg,0.8,0.0,0.7,,,
63,0.4088675379753113,63.0,,0.27356839179992676,60.0,0.2749447822570801,99,0.46011558175086975,1638662893.0,0.2749447822570801,rk3s6j3j,57,16,26,128,0.5,,0.21138489246368408,99,,,simple,sdg,0.8,0.0,0.7,,,
64,0.40637364983558655,64.0,,0.2697848677635193,61.0,0.2723256051540375,99,0.4576370418071747,1638662894.0,0.2723256051540375,rk3s6j3j,57,16,26,128,0.5,,0.21138489246368408,99,,,simple,sdg,0.8,0.0,0.7,,,
65,0.4080943763256073,65.0,,0.27500778436660767,62.0,0.26914942264556885,99,0.45459428429603577,1638662895.0,0.26914942264556885,rk3s6j3j,57,16,26,128,0.5,,0.21138489246368408,99,,,simple,sdg,0.8,0.0,0.7,,,
66,0.4090656638145447,66.0,,0.27168187499046326,63.0,0.26556915044784546,99,0.4511173367500305,1638662896.0,0.26556915044784546,rk3s6j3j,57,16,26,128,0.5,,0.21138489246368408,99,,,simple,sdg,0.8,0.0,0.7,,,
67,0.40577948093414307,67.0,,0.26794177293777466,63.0,0.2621760368347168,99,0.44778940081596375,1638662896.0,0.2621760666370392,rk3s6j3j,57,16,26,128,0.5,,0.21138489246368408,99,,,simple,sdg,0.8,0.0,0.7,,,
68,0.3988708555698395,68.0,,0.2591803967952728,64.0,0.25936925411224365,99,0.4450080990791321,1638662897.0,0.25936925411224365,rk3s6j3j,57,16,26,128,0.5,,0.21138489246368408,99,,,simple,sdg,0.8,0.0,0.7,,,
69,0.40888023376464844,69.0,,0.2711566090583801,65.0,0.2564282715320587,99,0.44207873940467834,1638662898.0,0.2564282715320587,rk3s6j3j,57,16,26,128,0.5,,0.21138489246368408,99,,,simple,sdg,0.8,0.0,0.7,,,
70,0.4007635712623596,70.0,,0.26609596610069275,65.0,0.25491905212402344,99,0.44057559967041016,1638662898.0,0.25491905212402344,rk3s6j3j,57,16,26,128,0.5,,0.21138489246368408,99,,,simple,sdg,0.8,0.0,0.7,,,
71,0.40269115567207336,71.0,,0.26490241289138794,67.0,0.2523531913757324,99,0.43795305490493774,1638662900.0,0.2523531913757324,rk3s6j3j,57,16,26,128,0.5,,0.21138489246368408,99,,,simple,sdg,0.8,0.0,0.7,,,
72,0.4062870740890503,72.0,,0.27006950974464417,67.0,0.24980415403842926,99,0.43537917733192444,1638662900.0,0.24980415403842926,rk3s6j3j,57,16,26,128,0.5,,0.21138489246368408,99,,,simple,sdg,0.8,0.0,0.7,,,
73,0.406961053609848,73.0,,0.2715453803539276,68.0,0.2473752498626709,99,0.4328857362270355,1638662901.0,0.2473752498626709,rk3s6j3j,57,16,26,128,0.5,,0.21138489246368408,99,,,simple,sdg,0.8,0.0,0.7,,,
74,0.3992449939250946,74.0,,0.2638028860092163,69.0,0.24505604803562164,99,0.43049538135528564,1638662902.0,0.24505604803562164,rk3s6j3j,57,16,26,128,0.5,,0.21138489246368408,99,,,simple,sdg,0.8,0.0,0.7,,,
75,0.3995837867259979,75.0,,0.2634044289588928,70.0,0.24273112416267395,99,0.4281162917613983,1638662903.0,0.24273112416267395,rk3s6j3j,57,16,26,128,0.5,,0.21138489246368408,99,,,simple,sdg,0.8,0.0,0.7,,,
76,0.3969825804233551,76.0,,0.2595878839492798,71.0,0.24107488989830017,99,0.4264160692691803,1638662904.0,0.24107488989830017,rk3s6j3j,57,16,26,128,0.5,,0.21138489246368408,99,,,simple,sdg,0.8,0.0,0.7,,,
77,0.40191584825515747,77.0,,0.2625100612640381,72.0,0.23913472890853882,99,0.4244035482406616,1638662905.0,0.23913472890853882,rk3s6j3j,57,16,26,128,0.5,,0.21138489246368408,99,,,simple,sdg,0.8,0.0,0.7,,,
78,0.3906530439853668,78.0,,0.2518428862094879,72.0,0.23751063644886017,99,0.422707200050354,1638662905.0,0.23751063644886017,rk3s6j3j,57,16,26,128,0.5,,0.21138489246368408,99,,,simple,sdg,0.8,0.0,0.7,,,
79,0.4000403881072998,79.0,,0.26322585344314575,73.0,0.2343612164258957,99,0.4194140136241913,1638662906.0,0.2343612164258957,rk3s6j3j,57,16,26,128,0.5,,0.21138489246368408,99,,,simple,sdg,0.8,0.0,0.7,,,
80,0.3984646797180176,80.0,,0.26286351680755615,74.0,0.2321639209985733,99,0.41708943247795105,1638662907.0,0.2321639209985733,rk3s6j3j,57,16,26,128,0.5,,0.21138489246368408,99,,,simple,sdg,0.8,0.0,0.7,,,
81,0.3989182114601135,81.0,,0.2602892518043518,74.0,0.23025865852832794,99,0.415091335773468,1638662907.0,0.23025865852832794,rk3s6j3j,57,16,26,128,0.5,,0.21138489246368408,99,,,simple,sdg,0.8,0.0,0.7,,,
82,0.3888586461544037,82.0,,0.25474584102630615,75.0,0.22739991545677185,99,0.41203781962394714,1638662908.0,0.22739991545677185,rk3s6j3j,57,16,26,128,0.5,,0.21138489246368408,99,,,simple,sdg,0.8,0.0,0.7,,,
83,0.38767558336257935,83.0,,0.25356554985046387,76.0,0.22590604424476624,99,0.4104517698287964,1638662909.0,0.22590604424476624,rk3s6j3j,57,16,26,128,0.5,,0.21138489246368408,99,,,simple,sdg,0.8,0.0,0.7,,,
84,0.396258145570755,84.0,,0.25632238388061523,76.0,0.22444532811641693,99,0.40890437364578247,1638662909.0,0.22444532811641693,rk3s6j3j,57,16,26,128,0.5,,0.21138489246368408,99,,,simple,sdg,0.8,0.0,0.7,,,
85,0.40055519342422485,85.0,,0.265534907579422,77.0,0.22259047627449036,99,0.40692761540412903,1638662910.0,0.22259047627449036,rk3s6j3j,57,16,26,128,0.5,,0.21138489246368408,99,,,simple,sdg,0.8,0.0,0.7,,,
86,0.3923482596874237,86.0,,0.2577516436576843,78.0,0.2216048538684845,99,0.4058568477630615,1638662911.0,0.2216048538684845,rk3s6j3j,57,16,26,128,0.5,,0.21138489246368408,99,,,simple,sdg,0.8,0.0,0.7,,,
87,0.3904131352901459,87.0,,0.25397273898124695,79.0,0.22019007802009583,99,0.4043373167514801,1638662912.0,0.22019007802009583,rk3s6j3j,57,16,26,128,0.5,,0.21138489246368408,99,,,simple,sdg,0.8,0.0,0.7,,,
88,0.39256179332733154,88.0,,0.2536538243293762,79.0,0.2188757359981537,99,0.402906209230423,1638662912.0,0.2188757359981537,rk3s6j3j,57,16,26,128,0.5,,0.21138489246368408,99,,,simple,sdg,0.8,0.0,0.7,,,
89,0.3842870891094208,89.0,,0.24676911532878876,80.0,0.21840274333953857,99,0.4024088382720947,1638662913.0,0.21840274333953857,rk3s6j3j,57,16,26,128,0.5,,0.21138489246368408,99,,,simple,sdg,0.8,0.0,0.7,,,
90,0.38207539916038513,90.0,,0.24358318746089935,81.0,0.21776826679706573,99,0.4017072916030884,1638662914.0,0.21776826679706573,rk3s6j3j,57,16,26,128,0.5,,0.21138489246368408,99,,,simple,sdg,0.8,0.0,0.7,,,
91,0.3882655203342438,91.0,,0.25543203949928284,81.0,0.21756862103939056,99,0.4015201926231384,1638662914.0,0.21756862103939056,rk3s6j3j,57,16,26,128,0.5,,0.21138489246368408,99,,,simple,sdg,0.8,0.0,0.7,,,
92,0.395281046628952,92.0,,0.255767822265625,82.0,0.21597012877464294,99,0.39975887537002563,1638662915.0,0.21597015857696533,rk3s6j3j,57,16,26,128,0.5,,0.21138489246368408,99,,,simple,sdg,0.8,0.0,0.7,,,
93,0.39454662799835205,93.0,,0.26036325097084045,83.0,0.21421685814857483,99,0.39781802892684937,1638662916.0,0.21421685814857483,rk3s6j3j,57,16,26,128,0.5,,0.21138489246368408,99,,,simple,sdg,0.8,0.0,0.7,,,
94,0.3849542737007141,94.0,,0.247887521982193,84.0,0.21318909525871277,99,0.39668968319892883,1638662917.0,0.21318909525871277,rk3s6j3j,57,16,26,128,0.5,,0.21138489246368408,99,,,simple,sdg,0.8,0.0,0.7,,,
95,0.3853568136692047,95.0,,0.24761147797107697,84.0,0.2130049616098404,99,0.3964984118938446,1638662917.0,0.2130049616098404,rk3s6j3j,57,16,26,128,0.5,,0.21138489246368408,99,,,simple,sdg,0.8,0.0,0.7,,,
96,0.3860993981361389,96.0,,0.24657638370990753,85.0,0.2121661901473999,99,0.3955736458301544,1638662918.0,0.2121661901473999,rk3s6j3j,57,16,26,128,0.5,,0.21138489246368408,99,,,simple,sdg,0.8,0.0,0.7,,,
97,0.37765994668006897,97.0,,0.24394994974136353,86.0,0.21202155947685242,99,0.39542484283447266,1638662919.0,0.21202155947685242,rk3s6j3j,57,16,26,128,0.5,,0.21138489246368408,99,,,simple,sdg,0.8,0.0,0.7,,,
98,0.3857775926589966,98.0,,0.2480156421661377,86.0,0.21155844628810883,99,0.39491555094718933,1638662919.0,0.21155844628810883,rk3s6j3j,57,16,26,128,0.5,,0.21138489246368408,99,,,simple,sdg,0.8,0.0,0.7,,,
99,0.3849738836288452,99.0,,0.2481476366519928,87.0,0.21138489246368408,99,0.3947353661060333,1638662920.0,0.21138489246368408,rk3s6j3j,57,16,26,128,0.5,,0.21138489246368408,99,,,simple,sdg,0.8,0.0,0.7,,,
0,1.285779356956482,0.0,,3.5396296977996826,15.0,5.172433853149414,99,1.5675585269927979,1638661259.0,5.172433853149414,nzn4n35r,47,16,26,64,0.5,,0.6555096507072449,96,,,advanced,adam,0.8,0.01,0.15,,,
1,1.1318268775939941,1.0,,2.593235969543457,20.0,4.584306240081787,99,1.4934628009796143,1638661264.0,4.584306240081787,nzn4n35r,47,16,26,64,0.5,,0.6555096507072449,96,,,advanced,adam,0.8,0.01,0.15,,,
2,1.0171750783920288,2.0,,1.879523515701294,25.0,4.2234392166137695,99,1.4419883489608765,1638661269.0,4.2234392166137695,nzn4n35r,47,16,26,64,0.5,,0.6555096507072449,96,,,advanced,adam,0.8,0.01,0.15,,,
3,0.9655892848968506,3.0,,1.6585627794265747,29.0,3.9116272926330566,99,1.3913588523864746,1638661273.0,3.9116272926330566,nzn4n35r,47,16,26,64,0.5,,0.6555096507072449,96,,,advanced,adam,0.8,0.01,0.15,,,
4,0.898621678352356,4.0,,1.4173498153686523,34.0,3.6326072216033936,99,1.3439476490020752,1638661278.0,3.6326072216033936,nzn4n35r,47,16,26,64,0.5,,0.6555096507072449,96,,,advanced,adam,0.8,0.01,0.15,,,
5,0.8281797170639038,5.0,,1.1918776035308838,39.0,3.3496334552764893,99,1.2973411083221436,1638661283.0,3.3496334552764893,nzn4n35r,47,16,26,64,0.5,,0.6555096507072449,96,,,advanced,adam,0.8,0.01,0.15,,,
6,0.815166711807251,6.0,,1.1421173810958862,44.0,3.1411678791046143,99,1.2606934309005737,1638661288.0,3.1411678791046143,nzn4n35r,47,16,26,64,0.5,,0.6555096507072449,96,,,advanced,adam,0.8,0.01,0.15,,,
7,0.7783399820327759,7.0,,1.0297720432281494,48.0,3.0000159740448,99,1.2322349548339844,1638661292.0,3.0000159740448,nzn4n35r,47,16,26,64,0.5,,0.6555096507072449,96,,,advanced,adam,0.8,0.01,0.15,,,
8,0.7543155550956726,8.0,,0.9752249121665955,53.0,2.8528892993927,99,1.2008990049362183,1638661297.0,2.8528892993927,nzn4n35r,47,16,26,64,0.5,,0.6555096507072449,96,,,advanced,adam,0.8,0.01,0.15,,,
9,0.7272799015045166,9.0,,0.8859252333641052,58.0,2.7576828002929688,99,1.1825289726257324,1638661302.0,2.7576828002929688,nzn4n35r,47,16,26,64,0.5,,0.6555096507072449,96,,,advanced,adam,0.8,0.01,0.15,,,
10,0.6971151232719421,10.0,,0.8300912976264954,63.0,2.6268227100372314,99,1.1569141149520874,1638661307.0,2.6268227100372314,nzn4n35r,47,16,26,64,0.5,,0.6555096507072449,96,,,advanced,adam,0.8,0.01,0.15,,,
11,0.6779040694236755,11.0,,0.7588522434234619,68.0,2.5412204265594482,99,1.138278603553772,1638661312.0,2.5412204265594482,nzn4n35r,47,16,26,64,0.5,,0.6555096507072449,96,,,advanced,adam,0.8,0.01,0.15,,,
12,0.6400551199913025,12.0,,0.6881905198097229,74.0,2.4390628337860107,99,1.1180089712142944,1638661318.0,2.4390628337860107,nzn4n35r,47,16,26,64,0.5,,0.6555096507072449,96,,,advanced,adam,0.8,0.01,0.15,,,
13,0.6326743960380554,13.0,,0.6761244535446167,79.0,2.3764326572418213,99,1.1034907102584839,1638661323.0,2.3764326572418213,nzn4n35r,47,16,26,64,0.5,,0.6555096507072449,96,,,advanced,adam,0.8,0.01,0.15,,,
14,0.6267670392990112,14.0,,0.6554663777351379,84.0,2.3378891944885254,99,1.091673493385315,1638661328.0,2.3378891944885254,nzn4n35r,47,16,26,64,0.5,,0.6555096507072449,96,,,advanced,adam,0.8,0.01,0.15,,,
15,0.5968402028083801,15.0,,0.5990415215492249,88.0,2.2461512088775635,99,1.0729931592941284,1638661332.0,2.2461512088775635,nzn4n35r,47,16,26,64,0.5,,0.6555096507072449,96,,,advanced,adam,0.8,0.01,0.15,,,
16,0.6109108924865723,16.0,,0.6212286353111267,94.0,2.1766750812530518,99,1.0567522048950195,1638661338.0,2.1766750812530518,nzn4n35r,47,16,26,64,0.5,,0.6555096507072449,96,,,advanced,adam,0.8,0.01,0.15,,,
17,0.5885858535766602,17.0,,0.5718458294868469,99.0,2.0884451866149902,99,1.0381450653076172,1638661343.0,2.0884451866149902,nzn4n35r,47,16,26,64,0.5,,0.6555096507072449,96,,,advanced,adam,0.8,0.01,0.15,,,
18,0.5831296443939209,18.0,,0.5773798227310181,104.0,1.9853342771530151,99,1.0133056640625,1638661348.0,1.9853342771530151,nzn4n35r,47,16,26,64,0.5,,0.6555096507072449,96,,,advanced,adam,0.8,0.01,0.15,,,
19,0.5818378329277039,19.0,,0.5645540356636047,109.0,1.9656728506088257,99,1.0059621334075928,1638661353.0,1.9656728506088257,nzn4n35r,47,16,26,64,0.5,,0.6555096507072449,96,,,advanced,adam,0.8,0.01,0.15,,,
20,0.5527781844139099,20.0,,0.5163664817810059,114.0,1.9517015218734741,99,1.0007156133651733,1638661358.0,1.9517015218734741,nzn4n35r,47,16,26,64,0.5,,0.6555096507072449,96,,,advanced,adam,0.8,0.01,0.15,,,
21,0.5388805270195007,21.0,,0.4950861632823944,119.0,1.878976821899414,99,0.9835733771324158,1638661363.0,1.878976821899414,nzn4n35r,47,16,26,64,0.5,,0.6555096507072449,96,,,advanced,adam,0.8,0.01,0.15,,,
22,0.5368320345878601,22.0,,0.4815613925457001,124.0,1.8237462043762207,99,0.9708555340766907,1638661368.0,1.8237463235855103,nzn4n35r,47,16,26,64,0.5,,0.6555096507072449,96,,,advanced,adam,0.8,0.01,0.15,,,
23,0.5213636755943298,23.0,,0.46517473459243774,129.0,1.7810803651809692,99,0.9562349915504456,1638661373.0,1.7810803651809692,nzn4n35r,47,16,26,64,0.5,,0.6555096507072449,96,,,advanced,adam,0.8,0.01,0.15,,,
24,0.5365756154060364,24.0,,0.4808853566646576,134.0,1.744452953338623,99,0.9472236633300781,1638661378.0,1.744452953338623,nzn4n35r,47,16,26,64,0.5,,0.6555096507072449,96,,,advanced,adam,0.8,0.01,0.15,,,
25,0.5154644250869751,25.0,,0.4432317614555359,139.0,1.7185490131378174,99,0.9381043314933777,1638661383.0,1.7185490131378174,nzn4n35r,47,16,26,64,0.5,,0.6555096507072449,96,,,advanced,adam,0.8,0.01,0.15,,,
26,0.508344292640686,26.0,,0.43676310777664185,144.0,1.6971884965896606,99,0.9332453608512878,1638661388.0,1.6971884965896606,nzn4n35r,47,16,26,64,0.5,,0.6555096507072449,96,,,advanced,adam,0.8,0.01,0.15,,,
27,0.4951615035533905,27.0,,0.40912294387817383,149.0,1.6441757678985596,99,0.9172228574752808,1638661393.0,1.6441757678985596,nzn4n35r,47,16,26,64,0.5,,0.6555096507072449,96,,,advanced,adam,0.8,0.01,0.15,,,
28,0.48838678002357483,28.0,,0.3916146755218506,154.0,1.6381800174713135,99,0.91810142993927,1638661398.0,1.6381800174713135,nzn4n35r,47,16,26,64,0.5,,0.6555096507072449,96,,,advanced,adam,0.8,0.01,0.15,,,
29,0.4955436587333679,29.0,,0.410318523645401,159.0,1.595977544784546,99,0.9064392447471619,1638661403.0,1.595977544784546,nzn4n35r,47,16,26,64,0.5,,0.6555096507072449,96,,,advanced,adam,0.8,0.01,0.15,,,
30,0.4854241907596588,30.0,,0.39588919281959534,163.0,1.5689895153045654,99,0.8978213667869568,1638661407.0,1.5689895153045654,nzn4n35r,47,16,26,64,0.5,,0.6555096507072449,96,,,advanced,adam,0.8,0.01,0.15,,,
31,0.48128730058670044,31.0,,0.3781648874282837,168.0,1.566847801208496,99,0.894504725933075,1638661412.0,1.566847562789917,nzn4n35r,47,16,26,64,0.5,,0.6555096507072449,96,,,advanced,adam,0.8,0.01,0.15,,,
32,0.4673183560371399,32.0,,0.3691065013408661,172.0,1.5305105447769165,99,0.8831444382667542,1638661416.0,1.5305105447769165,nzn4n35r,47,16,26,64,0.5,,0.6555096507072449,96,,,advanced,adam,0.8,0.01,0.15,,,
33,0.465256929397583,33.0,,0.36566948890686035,177.0,1.4994055032730103,99,0.8747280240058899,1638661421.0,1.4994055032730103,nzn4n35r,47,16,26,64,0.5,,0.6555096507072449,96,,,advanced,adam,0.8,0.01,0.15,,,
34,0.465972363948822,34.0,,0.351358026266098,181.0,1.4338784217834473,99,0.8573954701423645,1638661425.0,1.4338784217834473,nzn4n35r,47,16,26,64,0.5,,0.6555096507072449,96,,,advanced,adam,0.8,0.01,0.15,,,
35,0.46231311559677124,35.0,,0.35425904393196106,185.0,1.359681248664856,99,0.8394562602043152,1638661429.0,1.359681248664856,nzn4n35r,47,16,26,64,0.5,,0.6555096507072449,96,,,advanced,adam,0.8,0.01,0.15,,,
36,0.44855254888534546,36.0,,0.335184782743454,190.0,1.3466886281967163,99,0.8397352695465088,1638661434.0,1.3466886281967163,nzn4n35r,47,16,26,64,0.5,,0.6555096507072449,96,,,advanced,adam,0.8,0.01,0.15,,,
37,0.4441797733306885,37.0,,0.3396420180797577,194.0,1.3694775104522705,99,0.8459630012512207,1638661438.0,1.3694775104522705,nzn4n35r,47,16,26,64,0.5,,0.6555096507072449,96,,,advanced,adam,0.8,0.01,0.15,,,
38,0.4348864257335663,38.0,,0.32071566581726074,199.0,1.4062004089355469,99,0.8514677286148071,1638661443.0,1.4062004089355469,nzn4n35r,47,16,26,64,0.5,,0.6555096507072449,96,,,advanced,adam,0.8,0.01,0.15,,,
39,0.4355962574481964,39.0,,0.3190266489982605,203.0,1.3463681936264038,99,0.834498405456543,1638661447.0,1.3463681936264038,nzn4n35r,47,16,26,64,0.5,,0.6555096507072449,96,,,advanced,adam,0.8,0.01,0.15,,,
40,0.42447546124458313,40.0,,0.294370174407959,208.0,1.3012161254882812,99,0.8209786415100098,1638661452.0,1.3012161254882812,nzn4n35r,47,16,26,64,0.5,,0.6555096507072449,96,,,advanced,adam,0.8,0.01,0.15,,,
41,0.42246463894844055,41.0,,0.3072357475757599,212.0,1.3010247945785522,99,0.8178924322128296,1638661456.0,1.3010246753692627,nzn4n35r,47,16,26,64,0.5,,0.6555096507072449,96,,,advanced,adam,0.8,0.01,0.15,,,
42,0.4348474144935608,42.0,,0.32281693816185,217.0,1.2699737548828125,99,0.8092972636222839,1638661461.0,1.269973874092102,nzn4n35r,47,16,26,64,0.5,,0.6555096507072449,96,,,advanced,adam,0.8,0.01,0.15,,,
43,0.4302673637866974,43.0,,0.3025262653827667,221.0,1.207155704498291,99,0.7933436036109924,1638661465.0,1.207155704498291,nzn4n35r,47,16,26,64,0.5,,0.6555096507072449,96,,,advanced,adam,0.8,0.01,0.15,,,
44,0.4101101756095886,44.0,,0.2849397659301758,226.0,1.1918582916259766,99,0.7856470346450806,1638661470.0,1.1918582916259766,nzn4n35r,47,16,26,64,0.5,,0.6555096507072449,96,,,advanced,adam,0.8,0.01,0.15,,,
45,0.4172068238258362,45.0,,0.2907947301864624,230.0,1.1567500829696655,99,0.7790907025337219,1638661474.0,1.1567500829696655,nzn4n35r,47,16,26,64,0.5,,0.6555096507072449,96,,,advanced,adam,0.8,0.01,0.15,,,
46,0.4046865701675415,46.0,,0.2714886963367462,235.0,1.150398850440979,99,0.7743130326271057,1638661479.0,1.150398850440979,nzn4n35r,47,16,26,64,0.5,,0.6555096507072449,96,,,advanced,adam,0.8,0.01,0.15,,,
47,0.4103431701660156,47.0,,0.28201988339424133,239.0,1.151382327079773,99,0.7775810956954956,1638661483.0,1.151382327079773,nzn4n35r,47,16,26,64,0.5,,0.6555096507072449,96,,,advanced,adam,0.8,0.01,0.15,,,
48,0.407468318939209,48.0,,0.2721410393714905,244.0,1.1690021753311157,99,0.7776996493339539,1638661488.0,1.1690021753311157,nzn4n35r,47,16,26,64,0.5,,0.6555096507072449,96,,,advanced,adam,0.8,0.01,0.15,,,
49,0.3965050280094147,49.0,,0.2582480013370514,248.0,1.1724985837936401,99,0.7802042961120605,1638661492.0,1.1724985837936401,nzn4n35r,47,16,26,64,0.5,,0.6555096507072449,96,,,advanced,adam,0.8,0.01,0.15,,,
50,0.39887183904647827,50.0,,0.25822603702545166,253.0,1.1583118438720703,99,0.7733933925628662,1638661497.0,1.1583118438720703,nzn4n35r,47,16,26,64,0.5,,0.6555096507072449,96,,,advanced,adam,0.8,0.01,0.15,,,
51,0.4041893482208252,51.0,,0.26808273792266846,257.0,1.121939778327942,99,0.7606976628303528,1638661501.0,1.121939778327942,nzn4n35r,47,16,26,64,0.5,,0.6555096507072449,96,,,advanced,adam,0.8,0.01,0.15,,,
52,0.3885413110256195,52.0,,0.25252118706703186,261.0,1.087519645690918,99,0.7524018287658691,1638661505.0,1.087519645690918,nzn4n35r,47,16,26,64,0.5,,0.6555096507072449,96,,,advanced,adam,0.8,0.01,0.15,,,
53,0.37330085039138794,53.0,,0.23725806176662445,266.0,1.065571904182434,99,0.7460945844650269,1638661510.0,1.065571904182434,nzn4n35r,47,16,26,64,0.5,,0.6555096507072449,96,,,advanced,adam,0.8,0.01,0.15,,,
54,0.38970401883125305,54.0,,0.2541583180427551,270.0,1.1120637655258179,99,0.7650321125984192,1638661514.0,1.1120637655258179,nzn4n35r,47,16,26,64,0.5,,0.6555096507072449,96,,,advanced,adam,0.8,0.01,0.15,,,
55,0.3684549331665039,55.0,,0.22770263254642487,275.0,1.1142351627349854,99,0.7613383531570435,1638661519.0,1.1142351627349854,nzn4n35r,47,16,26,64,0.5,,0.6555096507072449,96,,,advanced,adam,0.8,0.01,0.15,,,
56,0.37863725423812866,56.0,,0.2468186318874359,280.0,1.0620380640029907,99,0.7483057379722595,1638661524.0,1.0620380640029907,nzn4n35r,47,16,26,64,0.5,,0.6555096507072449,96,,,advanced,adam,0.8,0.01,0.15,,,
57,0.37741729617118835,57.0,,0.23442812263965607,284.0,1.017174243927002,99,0.7351161241531372,1638661528.0,1.017174243927002,nzn4n35r,47,16,26,64,0.5,,0.6555096507072449,96,,,advanced,adam,0.8,0.01,0.15,,,
58,0.3836897313594818,58.0,,0.24358634650707245,289.0,1.0046759843826294,99,0.7296804189682007,1638661533.0,1.0046759843826294,nzn4n35r,47,16,26,64,0.5,,0.6555096507072449,96,,,advanced,adam,0.8,0.01,0.15,,,
59,0.3578745722770691,59.0,,0.21334227919578552,294.0,0.9920631647109985,99,0.7215097546577454,1638661538.0,0.9920631647109985,nzn4n35r,47,16,26,64,0.5,,0.6555096507072449,96,,,advanced,adam,0.8,0.01,0.15,,,
60,0.36700817942619324,60.0,,0.22747644782066345,298.0,0.987094521522522,99,0.7218825221061707,1638661542.0,0.987094521522522,nzn4n35r,47,16,26,64,0.5,,0.6555096507072449,96,,,advanced,adam,0.8,0.01,0.15,,,
61,0.36893925070762634,61.0,,0.2309371531009674,303.0,0.9292213320732117,99,0.7010586261749268,1638661547.0,0.9292213320732117,nzn4n35r,47,16,26,64,0.5,,0.6555096507072449,96,,,advanced,adam,0.8,0.01,0.15,,,
62,0.3612326383590698,62.0,,0.22188019752502441,307.0,0.9360710978507996,99,0.7047708630561829,1638661551.0,0.9360710978507996,nzn4n35r,47,16,26,64,0.5,,0.6555096507072449,96,,,advanced,adam,0.8,0.01,0.15,,,
63,0.35191282629966736,63.0,,0.20854032039642334,312.0,0.9220049381256104,99,0.6995646357536316,1638661556.0,0.9220049381256104,nzn4n35r,47,16,26,64,0.5,,0.6555096507072449,96,,,advanced,adam,0.8,0.01,0.15,,,
64,0.35081246495246887,64.0,,0.20552314817905426,317.0,0.9227060079574585,99,0.7026948928833008,1638661561.0,0.9227060079574585,nzn4n35r,47,16,26,64,0.5,,0.6555096507072449,96,,,advanced,adam,0.8,0.01,0.15,,,
65,0.35729536414146423,65.0,,0.21001993119716644,321.0,0.9244638085365295,99,0.7036767601966858,1638661565.0,0.9244638085365295,nzn4n35r,47,16,26,64,0.5,,0.6555096507072449,96,,,advanced,adam,0.8,0.01,0.15,,,
66,0.3512895405292511,66.0,,0.20726355910301208,326.0,0.9026936888694763,99,0.6915644407272339,1638661570.0,0.9026936888694763,nzn4n35r,47,16,26,64,0.5,,0.6555096507072449,96,,,advanced,adam,0.8,0.01,0.15,,,
67,0.3528806269168854,67.0,,0.2100679725408554,330.0,0.8742787837982178,99,0.6809305548667908,1638661574.0,0.8742787837982178,nzn4n35r,47,16,26,64,0.5,,0.6555096507072449,96,,,advanced,adam,0.8,0.01,0.15,,,
68,0.34708279371261597,68.0,,0.20300185680389404,335.0,0.9034299254417419,99,0.6917983293533325,1638661579.0,0.9034299254417419,nzn4n35r,47,16,26,64,0.5,,0.6555096507072449,96,,,advanced,adam,0.8,0.01,0.15,,,
69,0.35840725898742676,69.0,,0.21619056165218353,339.0,0.9046717286109924,99,0.6931297183036804,1638661583.0,0.9046717286109924,nzn4n35r,47,16,26,64,0.5,,0.6555096507072449,96,,,advanced,adam,0.8,0.01,0.15,,,
70,0.34577515721321106,70.0,,0.1996130496263504,344.0,0.8891094326972961,99,0.6868442893028259,1638661588.0,0.8891094326972961,nzn4n35r,47,16,26,64,0.5,,0.6555096507072449,96,,,advanced,adam,0.8,0.01,0.15,,,
71,0.3312852382659912,71.0,,0.1837393194437027,349.0,0.8667932152748108,99,0.6783890724182129,1638661593.0,0.8667932152748108,nzn4n35r,47,16,26,64,0.5,,0.6555096507072449,96,,,advanced,adam,0.8,0.01,0.15,,,
72,0.33050650358200073,72.0,,0.18340840935707092,353.0,0.8636000156402588,99,0.6788129210472107,1638661597.0,0.8635998964309692,nzn4n35r,47,16,26,64,0.5,,0.6555096507072449,96,,,advanced,adam,0.8,0.01,0.15,,,
73,0.3389512300491333,73.0,,0.197706937789917,358.0,0.8556337952613831,99,0.6743631958961487,1638661602.0,0.8556337952613831,nzn4n35r,47,16,26,64,0.5,,0.6555096507072449,96,,,advanced,adam,0.8,0.01,0.15,,,
74,0.33360040187835693,74.0,,0.18366777896881104,363.0,0.8513710498809814,99,0.6773746609687805,1638661607.0,0.8513710498809814,nzn4n35r,47,16,26,64,0.5,,0.6555096507072449,96,,,advanced,adam,0.8,0.01,0.15,,,
75,0.32888534665107727,75.0,,0.184957817196846,368.0,0.84943687915802,99,0.6746995449066162,1638661612.0,0.84943687915802,nzn4n35r,47,16,26,64,0.5,,0.6555096507072449,96,,,advanced,adam,0.8,0.01,0.15,,,
76,0.3303537368774414,76.0,,0.18243618309497833,373.0,0.819786012172699,99,0.6653911471366882,1638661617.0,0.819786012172699,nzn4n35r,47,16,26,64,0.5,,0.6555096507072449,96,,,advanced,adam,0.8,0.01,0.15,,,
77,0.3307628631591797,77.0,,0.18744108080863953,377.0,0.819873034954071,99,0.6650394797325134,1638661621.0,0.819873034954071,nzn4n35r,47,16,26,64,0.5,,0.6555096507072449,96,,,advanced,adam,0.8,0.01,0.15,,,
78,0.3191938102245331,78.0,,0.1700354814529419,382.0,0.8117281198501587,99,0.6591598987579346,1638661626.0,0.8117281198501587,nzn4n35r,47,16,26,64,0.5,,0.6555096507072449,96,,,advanced,adam,0.8,0.01,0.15,,,
79,0.3175317943096161,79.0,,0.169139564037323,386.0,0.8133426308631897,99,0.6606465578079224,1638661630.0,0.8133426308631897,nzn4n35r,47,16,26,64,0.5,,0.6555096507072449,96,,,advanced,adam,0.8,0.01,0.15,,,
80,0.3124030530452728,80.0,,0.16267074644565582,391.0,0.7770021557807922,99,0.6498978137969971,1638661635.0,0.7770021557807922,nzn4n35r,47,16,26,64,0.5,,0.6555096507072449,96,,,advanced,adam,0.8,0.01,0.15,,,
81,0.3148031532764435,81.0,,0.16110649704933167,396.0,0.7742666602134705,99,0.6488854289054871,1638661640.0,0.7742666602134705,nzn4n35r,47,16,26,64,0.5,,0.6555096507072449,96,,,advanced,adam,0.8,0.01,0.15,,,
82,0.30905458331108093,82.0,,0.15745246410369873,400.0,0.7862716317176819,99,0.6518649458885193,1638661644.0,0.7862716317176819,nzn4n35r,47,16,26,64,0.5,,0.6555096507072449,96,,,advanced,adam,0.8,0.01,0.15,,,
83,0.30938488245010376,83.0,,0.1619512438774109,405.0,0.7760413289070129,99,0.6472756266593933,1638661649.0,0.7760413289070129,nzn4n35r,47,16,26,64,0.5,,0.6555096507072449,96,,,advanced,adam,0.8,0.01,0.15,,,
84,0.3189944922924042,84.0,,0.1702871471643448,410.0,0.7728961110115051,99,0.6471928954124451,1638661654.0,0.7728961110115051,nzn4n35r,47,16,26,64,0.5,,0.6555096507072449,96,,,advanced,adam,0.8,0.01,0.15,,,
85,0.30144697427749634,85.0,,0.15004529058933258,415.0,0.7512971758842468,99,0.6377577185630798,1638661659.0,0.7512971758842468,nzn4n35r,47,16,26,64,0.5,,0.6555096507072449,96,,,advanced,adam,0.8,0.01,0.15,,,
86,0.30649489164352417,86.0,,0.1576889008283615,419.0,0.7618266940116882,99,0.6397914290428162,1638661663.0,0.7618266940116882,nzn4n35r,47,16,26,64,0.5,,0.6555096507072449,96,,,advanced,adam,0.8,0.01,0.15,,,
87,0.29881319403648376,87.0,,0.14816179871559143,424.0,0.7347501516342163,99,0.6304053664207458,1638661668.0,0.7347501516342163,nzn4n35r,47,16,26,64,0.5,,0.6555096507072449,96,,,advanced,adam,0.8,0.01,0.15,,,
88,0.3025354743003845,88.0,,0.15224945545196533,429.0,0.7381621599197388,99,0.6339627504348755,1638661673.0,0.7381621599197388,nzn4n35r,47,16,26,64,0.5,,0.6555096507072449,96,,,advanced,adam,0.8,0.01,0.15,,,
89,0.3034990727901459,89.0,,0.16105492413043976,434.0,0.7628280520439148,99,0.6406387686729431,1638661678.0,0.7628280520439148,nzn4n35r,47,16,26,64,0.5,,0.6555096507072449,96,,,advanced,adam,0.8,0.01,0.15,,,
90,0.3065107762813568,90.0,,0.16034936904907227,439.0,0.7338745594024658,99,0.6325384378433228,1638661683.0,0.7338745594024658,nzn4n35r,47,16,26,64,0.5,,0.6555096507072449,96,,,advanced,adam,0.8,0.01,0.15,,,
91,0.29898765683174133,91.0,,0.14770805835723877,444.0,0.7571518421173096,99,0.639333963394165,1638661688.0,0.7571517825126648,nzn4n35r,47,16,26,64,0.5,,0.6555096507072449,96,,,advanced,adam,0.8,0.01,0.15,,,
92,0.30011722445487976,92.0,,0.15339341759681702,448.0,0.7236059308052063,99,0.6269105076789856,1638661692.0,0.7236059308052063,nzn4n35r,47,16,26,64,0.5,,0.6555096507072449,96,,,advanced,adam,0.8,0.01,0.15,,,
93,0.29896485805511475,93.0,,0.15189151465892792,453.0,0.7238158583641052,99,0.6265140175819397,1638661697.0,0.7238158583641052,nzn4n35r,47,16,26,64,0.5,,0.6555096507072449,96,,,advanced,adam,0.8,0.01,0.15,,,
94,0.29066044092178345,94.0,,0.14123141765594482,458.0,0.7195576429367065,99,0.6284173130989075,1638661702.0,0.7195576429367065,nzn4n35r,47,16,26,64,0.5,,0.6555096507072449,96,,,advanced,adam,0.8,0.01,0.15,,,
95,0.2895641624927521,95.0,,0.1400148868560791,463.0,0.680695652961731,99,0.61153644323349,1638661707.0,0.680695652961731,nzn4n35r,47,16,26,64,0.5,,0.6555096507072449,96,,,advanced,adam,0.8,0.01,0.15,,,
96,0.28363439440727234,96.0,,0.1337701380252838,468.0,0.6555096507072449,99,0.6019126176834106,1638661712.0,0.6555096507072449,nzn4n35r,47,16,26,64,0.5,,0.6555096507072449,96,,,advanced,adam,0.8,0.01,0.15,,,
97,0.28962552547454834,97.0,,0.1383930742740631,473.0,0.6627593040466309,99,0.6054980158805847,1638661717.0,0.6627593040466309,nzn4n35r,47,16,26,64,0.5,,0.6555096507072449,96,,,advanced,adam,0.8,0.01,0.15,,,
98,0.2811349332332611,98.0,,0.13475793600082397,478.0,0.6865437030792236,99,0.6138551831245422,1638661722.0,0.6865437030792236,nzn4n35r,47,16,26,64,0.5,,0.6555096507072449,96,,,advanced,adam,0.8,0.01,0.15,,,
99,0.28651270270347595,99.0,,0.134749174118042,483.0,0.6600139737129211,99,0.6041170358657837,1638661727.0,0.6600139737129211,nzn4n35r,47,16,26,64,0.5,,0.6555096507072449,96,,,advanced,adam,0.8,0.01,0.15,,,
0,0.8453631401062012,0.0,,1.3153817653656006,26.0,1.0343228578567505,14,0.9050018787384033,1638660905.0,0.9050018787384033,qehfsq4w,46,16,37,256,0.5,,0.2785172462463379,4,,,simple,adam,0.8,0.0,0.35,,,
1,0.8384166359901428,1.0,,1.2012048959732056,40.0,0.2823105454444885,14,0.41326090693473816,1638660919.0,0.41326090693473816,qehfsq4w,46,16,37,256,0.5,,0.2785172462463379,4,,,simple,adam,0.8,0.0,0.35,,,
2,0.7484907507896423,2.0,,1.0501619577407837,55.0,3.1833717823028564,14,1.2438976764678955,1638660934.0,1.2438976764678955,qehfsq4w,46,16,37,256,0.5,,0.2785172462463379,4,,,simple,adam,0.8,0.0,0.35,,,
3,1.561673641204834,3.0,,7.331573963165283,70.0,2.3197665214538574,14,1.1138490438461304,1638660949.0,1.1138490438461304,qehfsq4w,46,16,37,256,0.5,,0.2785172462463379,4,,,simple,adam,0.8,0.0,0.35,,,
4,0.7949525117874146,4.0,,1.8663467168807983,85.0,0.10662464052438736,14,0.2785172462463379,1638660964.0,0.2785172462463379,qehfsq4w,46,16,37,256,0.5,,0.2785172462463379,4,,,simple,adam,0.8,0.0,0.35,,,
5,0.7228585481643677,5.0,,1.5661853551864624,99.0,0.2277456670999527,14,0.4053478240966797,1638660978.0,0.4053478240966797,qehfsq4w,46,16,37,256,0.5,,0.2785172462463379,4,,,simple,adam,0.8,0.0,0.35,,,
6,0.5888184309005737,6.0,,0.626832127571106,114.0,0.13017870485782623,14,0.29411065578460693,1638660993.0,0.29411065578460693,qehfsq4w,46,16,37,256,0.5,,0.2785172462463379,4,,,simple,adam,0.8,0.0,0.35,,,
7,0.6215068101882935,7.0,,0.7076072096824646,128.0,0.2786850333213806,14,0.4407907724380493,1638661007.0,0.4407907724380493,qehfsq4w,46,16,37,256,0.5,,0.2785172462463379,4,,,simple,adam,0.8,0.0,0.35,,,
8,0.5470070242881775,8.0,,0.5533045530319214,145.0,0.2466704100370407,14,0.39595940709114075,1638661024.0,0.39595940709114075,qehfsq4w,46,16,37,256,0.5,,0.2785172462463379,4,,,simple,adam,0.8,0.0,0.35,,,
9,0.555530846118927,9.0,,0.47968974709510803,160.0,0.5628552436828613,14,0.5817909836769104,1638661039.0,0.5817909836769104,qehfsq4w,46,16,37,256,0.5,,0.2785172462463379,4,,,simple,adam,0.8,0.0,0.35,,,
10,1.023875117301941,10.0,,7.801304340362549,175.0,0.30490025877952576,14,0.46539774537086487,1638661054.0,0.46539774537086487,qehfsq4w,46,16,37,256,0.5,,0.2785172462463379,4,,,simple,adam,0.8,0.0,0.35,,,
11,0.8841414451599121,11.0,,2.668079137802124,190.0,1.8824124336242676,14,1.274636149406433,1638661069.0,1.274636149406433,qehfsq4w,46,16,37,256,0.5,,0.2785172462463379,4,,,simple,adam,0.8,0.0,0.35,,,
12,0.5541337728500366,12.0,,0.7833124995231628,205.0,2.8993961811065674,14,1.489298701286316,1638661084.0,1.489298701286316,qehfsq4w,46,16,37,256,0.5,,0.2785172462463379,4,,,simple,adam,0.8,0.0,0.35,,,
13,0.5760084390640259,13.0,,0.6445069313049316,220.0,0.13197290897369385,14,0.308590829372406,1638661099.0,0.308590829372406,qehfsq4w,46,16,37,256,0.5,,0.2785172462463379,4,,,simple,adam,0.8,0.0,0.35,,,
14,0.3901631832122803,14.0,,0.28603610396385193,235.0,0.2804906964302063,14,0.46199890971183777,1638661114.0,0.4619988799095154,qehfsq4w,46,16,37,256,0.5,,0.2785172462463379,4,,,simple,adam,0.8,0.0,0.35,,,
0,0.8842080235481262,0.0,,1.3560844659805298,12.0,0.386114239692688,11,0.49624866247177124,1638658173.0,0.49624866247177124,2w1y4w8q,75,16,26,64,0.2,,0.36187708377838135,1,,,simple,adam,0.8,0.01,0.7,,,
1,0.6870368123054504,1.0,,0.8453429937362671,12.0,0.20888105034828186,11,0.36187708377838135,1638658173.0,0.36187708377838135,2w1y4w8q,75,16,26,64,0.2,,0.36187708377838135,1,,,simple,adam,0.8,0.01,0.7,,,
2,0.5558380484580994,2.0,,0.5931116342544556,13.0,0.24129611253738403,11,0.39239493012428284,1638658174.0,0.39239493012428284,2w1y4w8q,75,16,26,64,0.2,,0.36187708377838135,1,,,simple,adam,0.8,0.01,0.7,,,
3,0.42490053176879883,3.0,,0.3394812047481537,13.0,0.27558618783950806,11,0.42747780680656433,1638658174.0,0.42747780680656433,2w1y4w8q,75,16,26,64,0.2,,0.36187708377838135,1,,,simple,adam,0.8,0.01,0.7,,,
4,0.42783409357070923,4.0,,0.3376961946487427,14.0,0.26790961623191833,11,0.39418748021125793,1638658175.0,0.39418742060661316,2w1y4w8q,75,16,26,64,0.2,,0.36187708377838135,1,,,simple,adam,0.8,0.01,0.7,,,
5,0.38540151715278625,5.0,,0.27214014530181885,14.0,0.25346940755844116,11,0.40998074412345886,1638658175.0,0.40998074412345886,2w1y4w8q,75,16,26,64,0.2,,0.36187708377838135,1,,,simple,adam,0.8,0.01,0.7,,,
6,0.32800835371017456,6.0,,0.22412264347076416,15.0,0.2837221622467041,11,0.40777456760406494,1638658176.0,0.40777456760406494,2w1y4w8q,75,16,26,64,0.2,,0.36187708377838135,1,,,simple,adam,0.8,0.01,0.7,,,
7,0.355929434299469,7.0,,0.2504233717918396,15.0,0.23720233142375946,11,0.40323227643966675,1638658176.0,0.4032323360443115,2w1y4w8q,75,16,26,64,0.2,,0.36187708377838135,1,,,simple,adam,0.8,0.01,0.7,,,
8,0.306766539812088,8.0,,0.20190875232219696,16.0,0.2601347863674164,11,0.399869441986084,1638658177.0,0.399869441986084,2w1y4w8q,75,16,26,64,0.2,,0.36187708377838135,1,,,simple,adam,0.8,0.01,0.7,,,
9,0.3291994631290436,9.0,,0.20251235365867615,16.0,0.2781144976615906,11,0.4369213283061981,1638658177.0,0.43692129850387573,2w1y4w8q,75,16,26,64,0.2,,0.36187708377838135,1,,,simple,adam,0.8,0.01,0.7,,,
10,0.30883821845054626,10.0,,0.19215860962867737,17.0,0.24233371019363403,11,0.39588794112205505,1638658178.0,0.39588794112205505,2w1y4w8q,75,16,26,64,0.2,,0.36187708377838135,1,,,simple,adam,0.8,0.01,0.7,,,
11,0.2828342914581299,11.0,,0.16644532978534698,17.0,0.2669841945171356,11,0.4205024540424347,1638658178.0,0.4205024540424347,2w1y4w8q,75,16,26,64,0.2,,0.36187708377838135,1,,,simple,adam,0.8,0.01,0.7,,,
