,mean_absolute_error,_step,loss,mean_squared_error,_runtime,val_mean_squared_error,epoch,val_mean_absolute_error,_timestamp,val_loss,run_id,batch_size,future,past,units,dropout,runtime,best_val_loss,best_epoch,pretrained,trainable,preprocess,optimizer,train_split,h_pass,l_pass,layers_transferred,bci_task,repetitions,architecture,pretrain_dense_units,test_channel,model,n_augmentations,dense_units
0,0.7058216333389282,0,,0.8108410239219666,133,0.619935929775238,131,0.6237801313400269,1640766207,0.6237801313400269,24orv839,24,16,39,100,0.5,,0.1670105904340744,106,,,medium,nadam,0.7,0.01,0.7,,,,LSTM-3,128,0,,,
1,0.6272949576377869,1,,0.65388423204422,293,0.5289270877838135,131,0.5674808621406555,1640766367,0.5674808621406555,24orv839,24,16,39,100,0.5,,0.1670105904340744,106,,,medium,nadam,0.7,0.01,0.7,,,,LSTM-3,128,0,,,
2,0.5877227187156677,2,,0.5779883861541748,458,0.46808090806007385,131,0.531100332736969,1640766532,0.531100332736969,24orv839,24,16,39,100,0.5,,0.1670105904340744,106,,,medium,nadam,0.7,0.01,0.7,,,,LSTM-3,128,0,,,
3,0.5437042713165283,3,,0.5057256817817688,655,0.41197898983955383,131,0.49386659264564514,1640766729,0.49386659264564514,24orv839,24,16,39,100,0.5,,0.1670105904340744,106,,,medium,nadam,0.7,0.01,0.7,,,,LSTM-3,128,0,,,
4,0.4984462559223175,4,,0.4355115592479706,817,0.36288830637931824,131,0.4604244530200958,1640766891,0.4604244530200958,24orv839,24,16,39,100,0.5,,0.1670105904340744,106,,,medium,nadam,0.7,0.01,0.7,,,,LSTM-3,128,0,,,
5,0.4571613371372223,5,,0.37125319242477417,973,0.3074415326118469,131,0.4210602045059204,1640767047,0.421060174703598,24orv839,24,16,39,100,0.5,,0.1670105904340744,106,,,medium,nadam,0.7,0.01,0.7,,,,LSTM-3,128,0,,,
6,0.42584654688835144,6,,0.3256022334098816,1111,0.29301193356513977,131,0.4135696589946747,1640767185,0.4135696589946747,24orv839,24,16,39,100,0.5,,0.1670105904340744,106,,,medium,nadam,0.7,0.01,0.7,,,,LSTM-3,128,0,,,
7,0.3966622054576874,7,,0.28475743532180786,1275,0.2465212047100067,131,0.37670275568962097,1640767349,0.37670275568962097,24orv839,24,16,39,100,0.5,,0.1670105904340744,106,,,medium,nadam,0.7,0.01,0.7,,,,LSTM-3,128,0,,,
8,0.370352566242218,8,,0.24902601540088654,1437,0.20866720378398895,131,0.34585848450660706,1640767511,0.34585848450660706,24orv839,24,16,39,100,0.5,,0.1670105904340744,106,,,medium,nadam,0.7,0.01,0.7,,,,LSTM-3,128,0,,,
9,0.3495534062385559,9,,0.22286474704742432,1606,0.19489054381847382,131,0.3384464681148529,1640767680,0.3384464681148529,24orv839,24,16,39,100,0.5,,0.1670105904340744,106,,,medium,nadam,0.7,0.01,0.7,,,,LSTM-3,128,0,,,
10,0.33149948716163635,10,,0.19732995331287384,1785,0.16809655725955963,131,0.3113330602645874,1640767859,0.3113330602645874,24orv839,24,16,39,100,0.5,,0.1670105904340744,106,,,medium,nadam,0.7,0.01,0.7,,,,LSTM-3,128,0,,,
11,0.3175957202911377,11,,0.18083935976028442,1959,0.16364093124866486,131,0.3027065098285675,1640768033,0.3027065098285675,24orv839,24,16,39,100,0.5,,0.1670105904340744,106,,,medium,nadam,0.7,0.01,0.7,,,,LSTM-3,128,0,,,
12,0.3029519021511078,12,,0.16597580909729004,2149,0.15143130719661713,131,0.29459047317504883,1640768223,0.29459047317504883,24orv839,24,16,39,100,0.5,,0.1670105904340744,106,,,medium,nadam,0.7,0.01,0.7,,,,LSTM-3,128,0,,,
13,0.2877771258354187,13,,0.14871974289417267,2336,0.1468505561351776,131,0.28757935762405396,1640768410,0.28757935762405396,24orv839,24,16,39,100,0.5,,0.1670105904340744,106,,,medium,nadam,0.7,0.01,0.7,,,,LSTM-3,128,0,,,
14,0.2821970283985138,14,,0.14261186122894287,2514,0.1351178139448166,131,0.2758257985115051,1640768589,0.2758257985115051,24orv839,24,16,39,100,0.5,,0.1670105904340744,106,,,medium,nadam,0.7,0.01,0.7,,,,LSTM-3,128,0,,,
15,0.2716715633869171,15,,0.1343221813440323,2696,0.13063494861125946,131,0.275888055562973,1640768770,0.275888055562973,24orv839,24,16,39,100,0.5,,0.1670105904340744,106,,,medium,nadam,0.7,0.01,0.7,,,,LSTM-3,128,0,,,
16,0.2663766145706177,16,,0.1267135888338089,2872,0.1362391859292984,131,0.27985233068466187,1640768946,0.27985233068466187,24orv839,24,16,39,100,0.5,,0.1670105904340744,106,,,medium,nadam,0.7,0.01,0.7,,,,LSTM-3,128,0,,,
17,0.25399166345596313,17,,0.11553707718849182,3059,0.12338484078645706,131,0.26340100169181824,1640769133,0.26340100169181824,24orv839,24,16,39,100,0.5,,0.1670105904340744,106,,,medium,nadam,0.7,0.01,0.7,,,,LSTM-3,128,0,,,
18,0.24867811799049377,18,,0.11129886656999588,3251,0.10693637281656265,131,0.24583984911441803,1640769325,0.24583984911441803,24orv839,24,16,39,100,0.5,,0.1670105904340744,106,,,medium,nadam,0.7,0.01,0.7,,,,LSTM-3,128,0,,,
19,0.24553360044956207,19,,0.10848191380500793,3415,0.12573795020580292,131,0.2644711136817932,1640769489,0.2644711136817932,24orv839,24,16,39,100,0.5,,0.1670105904340744,106,,,medium,nadam,0.7,0.01,0.7,,,,LSTM-3,128,0,,,
20,0.2402219921350479,20,,0.10508906096220016,3576,0.09256993979215622,131,0.22862476110458374,1640769650,0.22862476110458374,24orv839,24,16,39,100,0.5,,0.1670105904340744,106,,,medium,nadam,0.7,0.01,0.7,,,,LSTM-3,128,0,,,
21,0.23118539154529572,21,,0.09647658467292786,3720,0.10204121470451355,131,0.24001403152942657,1640769794,0.24001403152942657,24orv839,24,16,39,100,0.5,,0.1670105904340744,106,,,medium,nadam,0.7,0.01,0.7,,,,LSTM-3,128,0,,,
22,0.22719326615333557,22,,0.09339892864227295,3824,0.10030238330364227,131,0.2331085205078125,1640769898,0.2331085205078125,24orv839,24,16,39,100,0.5,,0.1670105904340744,106,,,medium,nadam,0.7,0.01,0.7,,,,LSTM-3,128,0,,,
23,0.2262481153011322,23,,0.09331860393285751,3928,0.08962313830852509,131,0.2221406102180481,1640770002,0.2221406102180481,24orv839,24,16,39,100,0.5,,0.1670105904340744,106,,,medium,nadam,0.7,0.01,0.7,,,,LSTM-3,128,0,,,
24,0.2221464365720749,24,,0.08940045535564423,4030,0.08353820443153381,131,0.21513396501541138,1640770104,0.21513396501541138,24orv839,24,16,39,100,0.5,,0.1670105904340744,106,,,medium,nadam,0.7,0.01,0.7,,,,LSTM-3,128,0,,,
25,0.21834734082221985,25,,0.08656445890665054,4135,0.08441057056188583,131,0.21772977709770203,1640770209,0.21772977709770203,24orv839,24,16,39,100,0.5,,0.1670105904340744,106,,,medium,nadam,0.7,0.01,0.7,,,,LSTM-3,128,0,,,
26,0.214934840798378,26,,0.08325257152318954,4237,0.08043350279331207,131,0.21323835849761963,1640770311,0.21323835849761963,24orv839,24,16,39,100,0.5,,0.1670105904340744,106,,,medium,nadam,0.7,0.01,0.7,,,,LSTM-3,128,0,,,
27,0.21103046834468842,27,,0.08162618428468704,4344,0.08054888993501663,131,0.21253915131092072,1640770418,0.21253915131092072,24orv839,24,16,39,100,0.5,,0.1670105904340744,106,,,medium,nadam,0.7,0.01,0.7,,,,LSTM-3,128,0,,,
28,0.21106888353824615,28,,0.08079448342323303,4451,0.08045563846826553,131,0.21253441274166107,1640770525,0.21253441274166107,24orv839,24,16,39,100,0.5,,0.1670105904340744,106,,,medium,nadam,0.7,0.01,0.7,,,,LSTM-3,128,0,,,
29,0.20917850732803345,29,,0.07923571020364761,4556,0.07582052797079086,131,0.20495332777500153,1640770630,0.20495332777500153,24orv839,24,16,39,100,0.5,,0.1670105904340744,106,,,medium,nadam,0.7,0.01,0.7,,,,LSTM-3,128,0,,,
30,0.20502762496471405,30,,0.07757735997438431,4666,0.07279036939144135,131,0.2031538486480713,1640770740,0.2031538486480713,24orv839,24,16,39,100,0.5,,0.1670105904340744,106,,,medium,nadam,0.7,0.01,0.7,,,,LSTM-3,128,0,,,
31,0.19985735416412354,31,,0.07254450023174286,4776,0.075339674949646,131,0.20614366233348846,1640770850,0.20614366233348846,24orv839,24,16,39,100,0.5,,0.1670105904340744,106,,,medium,nadam,0.7,0.01,0.7,,,,LSTM-3,128,0,,,
32,0.1990956962108612,32,,0.07209906727075577,4880,0.07586855441331863,131,0.20650647580623627,1640770954,0.20650647580623627,24orv839,24,16,39,100,0.5,,0.1670105904340744,106,,,medium,nadam,0.7,0.01,0.7,,,,LSTM-3,128,0,,,
33,0.19840124249458313,33,,0.07123064994812012,4984,0.07206405699253082,131,0.20022273063659668,1640771058,0.20022273063659668,24orv839,24,16,39,100,0.5,,0.1670105904340744,106,,,medium,nadam,0.7,0.01,0.7,,,,LSTM-3,128,0,,,
34,0.19496658444404602,34,,0.0696910098195076,5088,0.07264037430286407,131,0.20025938749313354,1640771162,0.20025938749313354,24orv839,24,16,39,100,0.5,,0.1670105904340744,106,,,medium,nadam,0.7,0.01,0.7,,,,LSTM-3,128,0,,,
35,0.1927347481250763,35,,0.0678931325674057,5192,0.0628616213798523,131,0.18765509128570557,1640771266,0.18765509128570557,24orv839,24,16,39,100,0.5,,0.1670105904340744,106,,,medium,nadam,0.7,0.01,0.7,,,,LSTM-3,128,0,,,
36,0.192520871758461,36,,0.06799716502428055,5297,0.06816086173057556,131,0.19761277735233307,1640771371,0.19761277735233307,24orv839,24,16,39,100,0.5,,0.1670105904340744,106,,,medium,nadam,0.7,0.01,0.7,,,,LSTM-3,128,0,,,
37,0.19062036275863647,37,,0.06666116416454315,5404,0.07234033942222595,131,0.19946706295013428,1640771478,0.19946706295013428,24orv839,24,16,39,100,0.5,,0.1670105904340744,106,,,medium,nadam,0.7,0.01,0.7,,,,LSTM-3,128,0,,,
38,0.18970414996147156,38,,0.06716971099376678,5511,0.06702009588479996,131,0.19158770143985748,1640771585,0.19158770143985748,24orv839,24,16,39,100,0.5,,0.1670105904340744,106,,,medium,nadam,0.7,0.01,0.7,,,,LSTM-3,128,0,,,
39,0.18946906924247742,39,,0.06617915630340576,5617,0.0645885318517685,131,0.18866032361984253,1640771691,0.18866032361984253,24orv839,24,16,39,100,0.5,,0.1670105904340744,106,,,medium,nadam,0.7,0.01,0.7,,,,LSTM-3,128,0,,,
40,0.1851920187473297,40,,0.06327001750469208,5726,0.06217757612466812,131,0.18732160329818726,1640771800,0.18732160329818726,24orv839,24,16,39,100,0.5,,0.1670105904340744,106,,,medium,nadam,0.7,0.01,0.7,,,,LSTM-3,128,0,,,
41,0.18541491031646729,41,,0.06332407891750336,5833,0.06084234640002251,131,0.18459729850292206,1640771907,0.18459729850292206,24orv839,24,16,39,100,0.5,,0.1670105904340744,106,,,medium,nadam,0.7,0.01,0.7,,,,LSTM-3,128,0,,,
42,0.18666638433933258,42,,0.06370188295841217,5945,0.06638219952583313,131,0.19124671816825867,1640772019,0.19124671816825867,24orv839,24,16,39,100,0.5,,0.1670105904340744,106,,,medium,nadam,0.7,0.01,0.7,,,,LSTM-3,128,0,,,
43,0.18284869194030762,43,,0.06210144981741905,6057,0.06026703864336014,131,0.18421880900859833,1640772131,0.18421880900859833,24orv839,24,16,39,100,0.5,,0.1670105904340744,106,,,medium,nadam,0.7,0.01,0.7,,,,LSTM-3,128,0,,,
44,0.18362608551979065,44,,0.06245562806725502,6166,0.06560665369033813,131,0.19138285517692566,1640772240,0.19138285517692566,24orv839,24,16,39,100,0.5,,0.1670105904340744,106,,,medium,nadam,0.7,0.01,0.7,,,,LSTM-3,128,0,,,
45,0.17970138788223267,45,,0.05978470668196678,6280,0.06177876889705658,131,0.18574514985084534,1640772354,0.18574514985084534,24orv839,24,16,39,100,0.5,,0.1670105904340744,106,,,medium,nadam,0.7,0.01,0.7,,,,LSTM-3,128,0,,,
46,0.18034420907497406,46,,0.060086339712142944,6392,0.05750570446252823,131,0.17991814017295837,1640772466,0.17991814017295837,24orv839,24,16,39,100,0.5,,0.1670105904340744,106,,,medium,nadam,0.7,0.01,0.7,,,,LSTM-3,128,0,,,
47,0.1795038878917694,47,,0.059823088347911835,6506,0.06656460464000702,131,0.19126848876476288,1640772580,0.19126848876476288,24orv839,24,16,39,100,0.5,,0.1670105904340744,106,,,medium,nadam,0.7,0.01,0.7,,,,LSTM-3,128,0,,,
48,0.1795799285173416,48,,0.060107674449682236,6624,0.06429015100002289,131,0.18658336997032166,1640772698,0.18658336997032166,24orv839,24,16,39,100,0.5,,0.1670105904340744,106,,,medium,nadam,0.7,0.01,0.7,,,,LSTM-3,128,0,,,
49,0.17796729505062103,49,,0.0586174838244915,6734,0.0576462522149086,131,0.17989279329776764,1640772808,0.17989277839660645,24orv839,24,16,39,100,0.5,,0.1670105904340744,106,,,medium,nadam,0.7,0.01,0.7,,,,LSTM-3,128,0,,,
50,0.17835918068885803,50,,0.0596124641597271,6850,0.06043504178524017,131,0.1836499124765396,1640772924,0.1836499124765396,24orv839,24,16,39,100,0.5,,0.1670105904340744,106,,,medium,nadam,0.7,0.01,0.7,,,,LSTM-3,128,0,,,
51,0.1754254549741745,51,,0.057045139372348785,6970,0.06434442847967148,131,0.18907645344734192,1640773044,0.18907645344734192,24orv839,24,16,39,100,0.5,,0.1670105904340744,106,,,medium,nadam,0.7,0.01,0.7,,,,LSTM-3,128,0,,,
52,0.1758546233177185,52,,0.0577901154756546,7085,0.06303150951862335,131,0.18604686856269836,1640773159,0.18604686856269836,24orv839,24,16,39,100,0.5,,0.1670105904340744,106,,,medium,nadam,0.7,0.01,0.7,,,,LSTM-3,128,0,,,
53,0.1759670078754425,53,,0.05777522176504135,7199,0.06303784251213074,131,0.18524207174777985,1640773273,0.18524205684661865,24orv839,24,16,39,100,0.5,,0.1670105904340744,106,,,medium,nadam,0.7,0.01,0.7,,,,LSTM-3,128,0,,,
54,0.17505279183387756,54,,0.057072851806879044,7319,0.06195617839694023,131,0.18428224325180054,1640773393,0.18428224325180054,24orv839,24,16,39,100,0.5,,0.1670105904340744,106,,,medium,nadam,0.7,0.01,0.7,,,,LSTM-3,128,0,,,
55,0.1752093881368637,55,,0.05740848928689957,7439,0.06066332757472992,131,0.18448640406131744,1640773513,0.18448640406131744,24orv839,24,16,39,100,0.5,,0.1670105904340744,106,,,medium,nadam,0.7,0.01,0.7,,,,LSTM-3,128,0,,,
56,0.17389574646949768,56,,0.0564163476228714,7558,0.05324527248740196,131,0.17191201448440552,1640773632,0.17191201448440552,24orv839,24,16,39,100,0.5,,0.1670105904340744,106,,,medium,nadam,0.7,0.01,0.7,,,,LSTM-3,128,0,,,
57,0.17321138083934784,57,,0.0561419352889061,7675,0.06073613464832306,131,0.18326695263385773,1640773749,0.18326695263385773,24orv839,24,16,39,100,0.5,,0.1670105904340744,106,,,medium,nadam,0.7,0.01,0.7,,,,LSTM-3,128,0,,,
58,0.17304962873458862,58,,0.05625530704855919,7793,0.06182746961712837,131,0.18447035551071167,1640773867,0.18447035551071167,24orv839,24,16,39,100,0.5,,0.1670105904340744,106,,,medium,nadam,0.7,0.01,0.7,,,,LSTM-3,128,0,,,
59,0.17284341156482697,59,,0.05571671575307846,7916,0.05946517363190651,131,0.18182100355625153,1640773990,0.18182100355625153,24orv839,24,16,39,100,0.5,,0.1670105904340744,106,,,medium,nadam,0.7,0.01,0.7,,,,LSTM-3,128,0,,,
60,0.17257626354694366,60,,0.055412471294403076,8035,0.05971422418951988,131,0.18188078701496124,1640774109,0.18188078701496124,24orv839,24,16,39,100,0.5,,0.1670105904340744,106,,,medium,nadam,0.7,0.01,0.7,,,,LSTM-3,128,0,,,
61,0.17139606177806854,61,,0.0551077201962471,8153,0.05265308544039726,131,0.17126251757144928,1640774227,0.17126251757144928,24orv839,24,16,39,100,0.5,,0.1670105904340744,106,,,medium,nadam,0.7,0.01,0.7,,,,LSTM-3,128,0,,,
62,0.17087024450302124,62,,0.054501552134752274,8274,0.05797024071216583,131,0.1771657019853592,1640774348,0.1771657019853592,24orv839,24,16,39,100,0.5,,0.1670105904340744,106,,,medium,nadam,0.7,0.01,0.7,,,,LSTM-3,128,0,,,
63,0.16866084933280945,63,,0.05373137816786766,8389,0.05611678212881088,131,0.17776352167129517,1640774463,0.17776352167129517,24orv839,24,16,39,100,0.5,,0.1670105904340744,106,,,medium,nadam,0.7,0.01,0.7,,,,LSTM-3,128,0,,,
64,0.17164850234985352,64,,0.05566713213920593,8508,0.053976427763700485,131,0.17229346930980682,1640774582,0.17229346930980682,24orv839,24,16,39,100,0.5,,0.1670105904340744,106,,,medium,nadam,0.7,0.01,0.7,,,,LSTM-3,128,0,,,
65,0.16985763609409332,65,,0.05425746738910675,8625,0.05479460209608078,131,0.1744273602962494,1640774699,0.1744273602962494,24orv839,24,16,39,100,0.5,,0.1670105904340744,106,,,medium,nadam,0.7,0.01,0.7,,,,LSTM-3,128,0,,,
66,0.17052029073238373,66,,0.054803017526865005,8749,0.053258225321769714,131,0.17371870577335358,1640774823,0.17371870577335358,24orv839,24,16,39,100,0.5,,0.1670105904340744,106,,,medium,nadam,0.7,0.01,0.7,,,,LSTM-3,128,0,,,
67,0.16996343433856964,67,,0.05519545450806618,8863,0.05379735678434372,131,0.17295078933238983,1640774937,0.17295078933238983,24orv839,24,16,39,100,0.5,,0.1670105904340744,106,,,medium,nadam,0.7,0.01,0.7,,,,LSTM-3,128,0,,,
68,0.1681097000837326,68,,0.053454622626304626,8983,0.05500714108347893,131,0.17511498928070068,1640775057,0.17511498928070068,24orv839,24,16,39,100,0.5,,0.1670105904340744,106,,,medium,nadam,0.7,0.01,0.7,,,,LSTM-3,128,0,,,
69,0.16599968075752258,69,,0.05194932967424393,9103,0.05290478095412254,131,0.1726304292678833,1640775178,0.1726304292678833,24orv839,24,16,39,100,0.5,,0.1670105904340744,106,,,medium,nadam,0.7,0.01,0.7,,,,LSTM-3,128,0,,,
70,0.16688388586044312,70,,0.05270495265722275,9216,0.05856182798743248,131,0.18240311741828918,1640775290,0.18240313231945038,24orv839,24,16,39,100,0.5,,0.1670105904340744,106,,,medium,nadam,0.7,0.01,0.7,,,,LSTM-3,128,0,,,
71,0.16667982935905457,71,,0.052221156656742096,9326,0.056554995477199554,131,0.17716510593891144,1640775400,0.17716510593891144,24orv839,24,16,39,100,0.5,,0.1670105904340744,106,,,medium,nadam,0.7,0.01,0.7,,,,LSTM-3,128,0,,,
72,0.1668669879436493,72,,0.052610624581575394,9449,0.05789019167423248,131,0.17976205050945282,1640775523,0.17976205050945282,24orv839,24,16,39,100,0.5,,0.1670105904340744,106,,,medium,nadam,0.7,0.01,0.7,,,,LSTM-3,128,0,,,
73,0.1669127345085144,73,,0.053066521883010864,9579,0.05467347055673599,131,0.1746821105480194,1640775653,0.1746821105480194,24orv839,24,16,39,100,0.5,,0.1670105904340744,106,,,medium,nadam,0.7,0.01,0.7,,,,LSTM-3,128,0,,,
74,0.16803240776062012,74,,0.05346747487783432,9689,0.055080726742744446,131,0.17530152201652527,1640775763,0.17530152201652527,24orv839,24,16,39,100,0.5,,0.1670105904340744,106,,,medium,nadam,0.7,0.01,0.7,,,,LSTM-3,128,0,,,
75,0.16547085344791412,75,,0.052153199911117554,9803,0.05926813930273056,131,0.18305279314517975,1640775877,0.18305280804634094,24orv839,24,16,39,100,0.5,,0.1670105904340744,106,,,medium,nadam,0.7,0.01,0.7,,,,LSTM-3,128,0,,,
76,0.16498354077339172,76,,0.05119193345308304,9922,0.05687234178185463,131,0.17680776119232178,1640775996,0.17680776119232178,24orv839,24,16,39,100,0.5,,0.1670105904340744,106,,,medium,nadam,0.7,0.01,0.7,,,,LSTM-3,128,0,,,
77,0.1643861085176468,77,,0.05122406408190727,10032,0.05752875283360481,131,0.17739428579807281,1640776106,0.17739428579807281,24orv839,24,16,39,100,0.5,,0.1670105904340744,106,,,medium,nadam,0.7,0.01,0.7,,,,LSTM-3,128,0,,,
78,0.16545218229293823,78,,0.05150715261697769,10166,0.05419228971004486,131,0.1748134195804596,1640776240,0.1748134195804596,24orv839,24,16,39,100,0.5,,0.1670105904340744,106,,,medium,nadam,0.7,0.01,0.7,,,,LSTM-3,128,0,,,
79,0.16593606770038605,79,,0.052537210285663605,10320,0.05453384295105934,131,0.1738259494304657,1640776394,0.1738259494304657,24orv839,24,16,39,100,0.5,,0.1670105904340744,106,,,medium,nadam,0.7,0.01,0.7,,,,LSTM-3,128,0,,,
80,0.16434089839458466,80,,0.05136878043413162,10467,0.05691089108586311,131,0.1780482530593872,1640776541,0.1780482530593872,24orv839,24,16,39,100,0.5,,0.1670105904340744,106,,,medium,nadam,0.7,0.01,0.7,,,,LSTM-3,128,0,,,
81,0.16572478413581848,81,,0.05224604159593582,10621,0.059982240200042725,131,0.1814541518688202,1640776695,0.1814541518688202,24orv839,24,16,39,100,0.5,,0.1670105904340744,106,,,medium,nadam,0.7,0.01,0.7,,,,LSTM-3,128,0,,,
82,0.1645013988018036,82,,0.05119743570685387,10747,0.05591205134987831,131,0.17717669904232025,1640776821,0.17717669904232025,24orv839,24,16,39,100,0.5,,0.1670105904340744,106,,,medium,nadam,0.7,0.01,0.7,,,,LSTM-3,128,0,,,
83,0.16484951972961426,83,,0.051515426486730576,10878,0.061623018234968185,131,0.18358752131462097,1640776952,0.18358752131462097,24orv839,24,16,39,100,0.5,,0.1670105904340744,106,,,medium,nadam,0.7,0.01,0.7,,,,LSTM-3,128,0,,,
84,0.16557404398918152,84,,0.05219663307070732,11017,0.05438311770558357,131,0.17534896731376648,1640777091,0.17534896731376648,24orv839,24,16,39,100,0.5,,0.1670105904340744,106,,,medium,nadam,0.7,0.01,0.7,,,,LSTM-3,128,0,,,
85,0.16269393265247345,85,,0.050274718552827835,11146,0.05246618762612343,131,0.1704539954662323,1640777220,0.1704539954662323,24orv839,24,16,39,100,0.5,,0.1670105904340744,106,,,medium,nadam,0.7,0.01,0.7,,,,LSTM-3,128,0,,,
86,0.1630883663892746,86,,0.050889935344457626,11282,0.05200621858239174,131,0.1694260984659195,1640777356,0.1694260984659195,24orv839,24,16,39,100,0.5,,0.1670105904340744,106,,,medium,nadam,0.7,0.01,0.7,,,,LSTM-3,128,0,,,
87,0.1631065160036087,87,,0.05052996054291725,11403,0.05469651147723198,131,0.17497266829013824,1640777477,0.17497266829013824,24orv839,24,16,39,100,0.5,,0.1670105904340744,106,,,medium,nadam,0.7,0.01,0.7,,,,LSTM-3,128,0,,,
88,0.16349944472312927,88,,0.05084540694952011,11522,0.05391894653439522,131,0.1745297759771347,1640777596,0.1745297908782959,24orv839,24,16,39,100,0.5,,0.1670105904340744,106,,,medium,nadam,0.7,0.01,0.7,,,,LSTM-3,128,0,,,
89,0.1633365899324417,89,,0.05106877163052559,11661,0.05572172626852989,131,0.1769261658191681,1640777735,0.1769261658191681,24orv839,24,16,39,100,0.5,,0.1670105904340744,106,,,medium,nadam,0.7,0.01,0.7,,,,LSTM-3,128,0,,,
90,0.16328546404838562,90,,0.050954531878232956,11791,0.05088929459452629,131,0.16852903366088867,1640777865,0.16852903366088867,24orv839,24,16,39,100,0.5,,0.1670105904340744,106,,,medium,nadam,0.7,0.01,0.7,,,,LSTM-3,128,0,,,
91,0.1637910008430481,91,,0.05089626461267471,11932,0.056966256350278854,131,0.176509827375412,1640778006,0.176509827375412,24orv839,24,16,39,100,0.5,,0.1670105904340744,106,,,medium,nadam,0.7,0.01,0.7,,,,LSTM-3,128,0,,,
92,0.16141141951084137,92,,0.049952294677495956,12095,0.059292059391736984,131,0.18241481482982635,1640778169,0.18241481482982635,24orv839,24,16,39,100,0.5,,0.1670105904340744,106,,,medium,nadam,0.7,0.01,0.7,,,,LSTM-3,128,0,,,
93,0.16152554750442505,93,,0.04953228309750557,12238,0.05778604373335838,131,0.17976953089237213,1640778312,0.17976953089237213,24orv839,24,16,39,100,0.5,,0.1670105904340744,106,,,medium,nadam,0.7,0.01,0.7,,,,LSTM-3,128,0,,,
94,0.16238917410373688,94,,0.050108328461647034,12377,0.05672440305352211,131,0.1778598576784134,1640778451,0.17785987257957458,24orv839,24,16,39,100,0.5,,0.1670105904340744,106,,,medium,nadam,0.7,0.01,0.7,,,,LSTM-3,128,0,,,
95,0.16185861825942993,95,,0.05000583827495575,12533,0.05516728013753891,131,0.17548558115959167,1640778608,0.17548556625843048,24orv839,24,16,39,100,0.5,,0.1670105904340744,106,,,medium,nadam,0.7,0.01,0.7,,,,LSTM-3,128,0,,,
96,0.16155478358268738,96,,0.050054725259542465,12660,0.05744333937764168,131,0.17955835163593292,1640778734,0.17955835163593292,24orv839,24,16,39,100,0.5,,0.1670105904340744,106,,,medium,nadam,0.7,0.01,0.7,,,,LSTM-3,128,0,,,
97,0.1608612835407257,97,,0.049524739384651184,12814,0.0561310350894928,131,0.1767202764749527,1640778888,0.1767202764749527,24orv839,24,16,39,100,0.5,,0.1670105904340744,106,,,medium,nadam,0.7,0.01,0.7,,,,LSTM-3,128,0,,,
98,0.16145917773246765,98,,0.05006885901093483,12954,0.05538443475961685,131,0.17632007598876953,1640779028,0.17632007598876953,24orv839,24,16,39,100,0.5,,0.1670105904340744,106,,,medium,nadam,0.7,0.01,0.7,,,,LSTM-3,128,0,,,
99,0.16057167947292328,99,,0.04914501681923866,13119,0.0553552620112896,131,0.17583413422107697,1640779193,0.17583413422107697,24orv839,24,16,39,100,0.5,,0.1670105904340744,106,,,medium,nadam,0.7,0.01,0.7,,,,LSTM-3,128,0,,,
100,0.1599964201450348,100,,0.04891544580459595,13262,0.0512358620762825,131,0.16997398436069489,1640779336,0.16997398436069489,24orv839,24,16,39,100,0.5,,0.1670105904340744,106,,,medium,nadam,0.7,0.01,0.7,,,,LSTM-3,128,0,,,
101,0.1615368127822876,101,,0.04988160729408264,13387,0.05450490862131119,131,0.17513620853424072,1640779461,0.17513620853424072,24orv839,24,16,39,100,0.5,,0.1670105904340744,106,,,medium,nadam,0.7,0.01,0.7,,,,LSTM-3,128,0,,,
102,0.1618264764547348,102,,0.05012517049908638,13508,0.05313638970255852,131,0.17181891202926636,1640779582,0.17181891202926636,24orv839,24,16,39,100,0.5,,0.1670105904340744,106,,,medium,nadam,0.7,0.01,0.7,,,,LSTM-3,128,0,,,
103,0.16139936447143555,103,,0.04975626990199089,13630,0.05552210658788681,131,0.17632153630256653,1640779704,0.17632153630256653,24orv839,24,16,39,100,0.5,,0.1670105904340744,106,,,medium,nadam,0.7,0.01,0.7,,,,LSTM-3,128,0,,,
104,0.16065295040607452,104,,0.04957463964819908,13767,0.05709114670753479,131,0.17542168498039246,1640779841,0.17542168498039246,24orv839,24,16,39,100,0.5,,0.1670105904340744,106,,,medium,nadam,0.7,0.01,0.7,,,,LSTM-3,128,0,,,
105,0.16080357134342194,105,,0.04964160919189453,13883,0.0524672232568264,131,0.16987815499305725,1640779957,0.16987815499305725,24orv839,24,16,39,100,0.5,,0.1670105904340744,106,,,medium,nadam,0.7,0.01,0.7,,,,LSTM-3,128,0,,,
106,0.16091294586658478,106,,0.04980015754699707,14009,0.050054773688316345,131,0.1670105904340744,1640780083,0.1670105904340744,24orv839,24,16,39,100,0.5,,0.1670105904340744,106,,,medium,nadam,0.7,0.01,0.7,,,,LSTM-3,128,0,,,
107,0.16139014065265656,107,,0.04988913983106613,14132,0.056485291570425034,131,0.17703798413276672,1640780206,0.17703798413276672,24orv839,24,16,39,100,0.5,,0.1670105904340744,106,,,medium,nadam,0.7,0.01,0.7,,,,LSTM-3,128,0,,,
108,0.16070295870304108,108,,0.04924207180738449,14251,0.05489698052406311,131,0.17548717558383942,1640780325,0.17548717558383942,24orv839,24,16,39,100,0.5,,0.1670105904340744,106,,,medium,nadam,0.7,0.01,0.7,,,,LSTM-3,128,0,,,
109,0.1593889594078064,109,,0.049052536487579346,14383,0.05497429519891739,131,0.17458970844745636,1640780457,0.17458970844745636,24orv839,24,16,39,100,0.5,,0.1670105904340744,106,,,medium,nadam,0.7,0.01,0.7,,,,LSTM-3,128,0,,,
110,0.15903931856155396,110,,0.04846886545419693,14518,0.05715503171086311,131,0.17880308628082275,1640780592,0.17880308628082275,24orv839,24,16,39,100,0.5,,0.1670105904340744,106,,,medium,nadam,0.7,0.01,0.7,,,,LSTM-3,128,0,,,
111,0.16005279123783112,111,,0.04930823668837547,14651,0.05383031815290451,131,0.1715477854013443,1640780725,0.1715477854013443,24orv839,24,16,39,100,0.5,,0.1670105904340744,106,,,medium,nadam,0.7,0.01,0.7,,,,LSTM-3,128,0,,,
112,0.15971776843070984,112,,0.04864709451794624,14791,0.05428818240761757,131,0.1738089770078659,1640780865,0.1738089770078659,24orv839,24,16,39,100,0.5,,0.1670105904340744,106,,,medium,nadam,0.7,0.01,0.7,,,,LSTM-3,128,0,,,
113,0.15946491062641144,113,,0.04898805916309357,14913,0.054148852825164795,131,0.1734706163406372,1640780987,0.1734706163406372,24orv839,24,16,39,100,0.5,,0.1670105904340744,106,,,medium,nadam,0.7,0.01,0.7,,,,LSTM-3,128,0,,,
114,0.16041025519371033,114,,0.04931815341114998,15047,0.05290733277797699,131,0.1708960384130478,1640781121,0.1708960384130478,24orv839,24,16,39,100,0.5,,0.1670105904340744,106,,,medium,nadam,0.7,0.01,0.7,,,,LSTM-3,128,0,,,
115,0.16038165986537933,115,,0.04961312934756279,15189,0.05472243204712868,131,0.17556226253509521,1640781263,0.17556226253509521,24orv839,24,16,39,100,0.5,,0.1670105904340744,106,,,medium,nadam,0.7,0.01,0.7,,,,LSTM-3,128,0,,,
116,0.1603107452392578,116,,0.049394525587558746,15339,0.05720149725675583,131,0.17758534848690033,1640781413,0.17758534848690033,24orv839,24,16,39,100,0.5,,0.1670105904340744,106,,,medium,nadam,0.7,0.01,0.7,,,,LSTM-3,128,0,,,
117,0.15921981632709503,117,,0.048636727035045624,15493,0.057563770562410355,131,0.1791704297065735,1640781567,0.1791704297065735,24orv839,24,16,39,100,0.5,,0.1670105904340744,106,,,medium,nadam,0.7,0.01,0.7,,,,LSTM-3,128,0,,,
118,0.15972812473773956,118,,0.04874623566865921,15674,0.05310429632663727,131,0.1724959760904312,1640781748,0.1724959760904312,24orv839,24,16,39,100,0.5,,0.1670105904340744,106,,,medium,nadam,0.7,0.01,0.7,,,,LSTM-3,128,0,,,
119,0.15959112346172333,119,,0.048853471875190735,15838,0.054399263113737106,131,0.17361879348754883,1640781912,0.17361879348754883,24orv839,24,16,39,100,0.5,,0.1670105904340744,106,,,medium,nadam,0.7,0.01,0.7,,,,LSTM-3,128,0,,,
120,0.15892337262630463,120,,0.048683520406484604,15962,0.05753028765320778,131,0.17865332961082458,1640782036,0.17865332961082458,24orv839,24,16,39,100,0.5,,0.1670105904340744,106,,,medium,nadam,0.7,0.01,0.7,,,,LSTM-3,128,0,,,
121,0.15892302989959717,121,,0.04863784834742546,16084,0.05678889900445938,131,0.17779938876628876,1640782158,0.17779938876628876,24orv839,24,16,39,100,0.5,,0.1670105904340744,106,,,medium,nadam,0.7,0.01,0.7,,,,LSTM-3,128,0,,,
122,0.15929463505744934,122,,0.048786431550979614,16229,0.05487224832177162,131,0.17631663382053375,1640782303,0.17631663382053375,24orv839,24,16,39,100,0.5,,0.1670105904340744,106,,,medium,nadam,0.7,0.01,0.7,,,,LSTM-3,128,0,,,
123,0.15881353616714478,123,,0.04829053953289986,16348,0.053791262209415436,131,0.17281152307987213,1640782422,0.17281152307987213,24orv839,24,16,39,100,0.5,,0.1670105904340744,106,,,medium,nadam,0.7,0.01,0.7,,,,LSTM-3,128,0,,,
124,0.1588694304227829,124,,0.04868820682168007,16463,0.051863014698028564,131,0.17010457813739777,1640782537,0.17010457813739777,24orv839,24,16,39,100,0.5,,0.1670105904340744,106,,,medium,nadam,0.7,0.01,0.7,,,,LSTM-3,128,0,,,
125,0.15764157474040985,125,,0.04790276661515236,16580,0.05115288123488426,131,0.16816607117652893,1640782654,0.16816607117652893,24orv839,24,16,39,100,0.5,,0.1670105904340744,106,,,medium,nadam,0.7,0.01,0.7,,,,LSTM-3,128,0,,,
126,0.15951332449913025,126,,0.04923786595463753,16691,0.05258207768201828,131,0.1726578176021576,1640782765,0.1726578176021576,24orv839,24,16,39,100,0.5,,0.1670105904340744,106,,,medium,nadam,0.7,0.01,0.7,,,,LSTM-3,128,0,,,
127,0.15798510611057281,127,,0.04810895770788193,16802,0.052829135209321976,131,0.17122530937194824,1640782876,0.17122530937194824,24orv839,24,16,39,100,0.5,,0.1670105904340744,106,,,medium,nadam,0.7,0.01,0.7,,,,LSTM-3,128,0,,,
128,0.15864406526088715,128,,0.0483522042632103,16914,0.05047600343823433,131,0.16741949319839478,1640782988,0.16741949319839478,24orv839,24,16,39,100,0.5,,0.1670105904340744,106,,,medium,nadam,0.7,0.01,0.7,,,,LSTM-3,128,0,,,
129,0.15912649035453796,129,,0.048782870173454285,17025,0.05227474123239517,131,0.17053629457950592,1640783099,0.17053629457950592,24orv839,24,16,39,100,0.5,,0.1670105904340744,106,,,medium,nadam,0.7,0.01,0.7,,,,LSTM-3,128,0,,,
130,0.15831874310970306,130,,0.0484522208571434,17138,0.055279988795518875,131,0.17782551050186157,1640783212,0.17782551050186157,24orv839,24,16,39,100,0.5,,0.1670105904340744,106,,,medium,nadam,0.7,0.01,0.7,,,,LSTM-3,128,0,,,
131,0.1595795750617981,131,,0.04898739606142044,17248,0.05296177417039871,131,0.1722128987312317,1640783322,0.1722128987312317,24orv839,24,16,39,100,0.5,,0.1670105904340744,106,,,medium,nadam,0.7,0.01,0.7,,,,LSTM-3,128,0,,,
